comuna,region
Lake Nicoleburgh,New Mexico
Perezberg,Tennessee
Ericton,Illinois
Walterfort,Ohio
Omarmouth,Mississippi
East Matthew,Alaska
West Michael,North Carolina
Roseberg,Connecticut
East Matthewbury,Alabama
South Reneeshire,Oklahoma
East George,Mississippi
Lake Aliciamouth,Montana
Rodriguezberg,Oregon
West Rebeccaport,Mississippi
Brownview,Colorado
New Kelly,Michigan
South Jerry,Wyoming
New Dennisport,Idaho
East Paulburgh,Utah
Lake Brookeburgh,Kansas
Timothyside,Mississippi
West Lucasmouth,West Virginia
Jasonland,West Virginia
Lake Shellyfurt,Massachusetts
Johnsonshire,Illinois
New Andrew,North Carolina
Amyshire,Arkansas
South Amber,Mississippi
East Pamelafurt,Ohio
New Kristen,Alabama
West Marcus,New Mexico
West Dennis,Georgia
Port Davidfurt,North Dakota
New Wendy,Florida
Colemanville,Minnesota
New Mary,Louisiana
East Christinastad,Mississippi
Lindaborough,Iowa
North Rhonda,Georgia
New Peggymouth,Hawaii
Aaronstad,Colorado
South Maria,South Dakota
Kirkberg,Rhode Island
Lake Ebony,Hawaii
Port Lindseyland,Hawaii
Lake Jamie,Iowa
Stevenstad,Washington
Brooksbury,South Dakota
Butlermouth,Wyoming
Monicaland,Oklahoma
Aarontown,Rhode Island
Staceystad,Maine
Johnsonside,California
East Tiffany,Tennessee
Isaacburgh,Florida
Jefferyside,West Virginia
New Karen,South Carolina
North Susan,South Dakota
West Tyler,New Mexico
Wendyville,Indiana
Brandonshire,Pennsylvania
Port Lindaport,Indiana
Perezville,Oregon
Melissamouth,New Jersey
Bennettmouth,Maryland
North Johnberg,South Carolina
Katherineside,Indiana
Wattsbury,Vermont
Port Ronald,Utah
North Paul,Delaware
Michaelmouth,Louisiana
Alvarezfort,South Dakota
Port Bethany,New Mexico
East Davidberg,Hawaii
Williamsshire,Kansas
Josetown,Connecticut
Lake Patrick,Minnesota
Port Christine,Utah
Haydenhaven,Washington
Port Lori,Louisiana
Port Jessica,Delaware
New Timothyville,South Carolina
North Laura,Alabama
West Samanthaland,Wisconsin
West Rebeccaberg,Texas
West Stephanie,New Hampshire
Vegashire,New Mexico
Meyerville,New Hampshire
Murphyside,Alaska
Stephanieport,California
Brittanyfort,Virginia
New Benjamin,Minnesota
Port Lisafort,California
Steeleville,Virginia
Cynthiaville,Illinois
Tinaview,Hawaii
New Johnport,New Jersey
Royville,Louisiana
South Jasonside,Maryland
West Betty,Georgia
Cooperville,Vermont
East Edward,Oregon
Ortegamouth,Kentucky
Murphyborough,Oklahoma
South Michaelstad,Indiana
South Cynthiaside,Rhode Island
Patrickshire,Wyoming
Mariatown,Nevada
Jessicachester,New Mexico
Clarkbury,Iowa
South Alexandrahaven,Florida
East Nicole,Delaware
Stephaniestad,Pennsylvania
New Alanport,Nebraska
East Jessica,New Mexico
Georgechester,Oregon
Rebeccaberg,New Mexico
Kimtown,Wisconsin
New Lauren,Florida
Lake Jennifer,Texas
Goodmanhaven,Maryland
Nealchester,Hawaii
New Tamaraville,Rhode Island
Lake Ryan,Illinois
Danielview,Maryland
Davidmouth,Alaska
Wilsonstad,Mississippi
Jeantown,Idaho
Hollychester,Michigan
Morrisonberg,Alabama
Anthonyside,Mississippi
Lake Robin,Colorado
Heatherview,Iowa
North Sarah,Ohio
Jameschester,Hawaii
Lake Derektown,New York
New Blake,North Dakota
Transtad,Missouri
North Larry,California
Clarkshire,Arkansas
Duranland,Ohio
Jenkinsmouth,Alabama
Mitchellmouth,Florida
Lewisfort,New Mexico
Torresburgh,Mississippi
North Monicaview,New Jersey
South Victormouth,California
East Jesseton,Montana
South Valerie,Kentucky
South Sandrabury,Hawaii
South Briannashire,Utah
East Markton,Washington
Blakefort,Connecticut
Wilsonborough,Connecticut
Danielchester,Indiana
South Donaldtown,West Virginia
North Stephenshire,Minnesota
South Olivia,Colorado
West Sylviahaven,Wyoming
Erinmouth,North Dakota
Toddstad,Kansas
Port Wesley,North Carolina
East Stephen,Hawaii
Jenniferhaven,Virginia
South Andrewstad,Mississippi
Morganfurt,Oklahoma
Maryside,Iowa
Jonesview,Florida
East Charles,South Dakota
Lake Michelle,Maine
New Robertfurt,Illinois
Richardchester,New Jersey
West Pamela,Wyoming
South Dawnside,Alaska
South Kimberly,Arkansas
New Stacy,Wisconsin
East Brian,Kentucky
Lake Rebecca,Oklahoma
West Johnmouth,Montana
West Ashley,Louisiana
New Ann,Michigan
Port Benjamin,Colorado
Port Heathertown,Nevada
New Randallfort,Colorado
New Dennis,Oregon
Hallport,Iowa
Lisamouth,Wisconsin
Lake Kristen,Washington
Jeremybury,Kentucky
Morrisstad,Virginia
Carlville,Connecticut
North Hayleytown,Arizona
Leestad,Indiana
Carmenville,Indiana
Jonesshire,Texas
Lake Nicoleberg,Montana
Chadfort,Missouri
West Jerryfurt,Wisconsin
Timothybury,Idaho
Beckhaven,Nevada
North Timothystad,Massachusetts
East Terry,Delaware
Connieport,Wyoming
South Raymondville,Vermont
South Dianaborough,Indiana
South Gregory,California
Ballmouth,Washington
Huffstad,Oklahoma
South Samuelhaven,Texas
Georgetown,Ohio
East Melissaburgh,Mississippi
Norrisbury,South Dakota
Wilcoxside,Hawaii
West Jasonmouth,Iowa
Port Elizabeth,Connecticut
Port Edwardfort,Colorado
South Kelly,Idaho
Longport,Maryland
Samuelhaven,Nebraska
Jasmineshire,Oklahoma
West Sara,Colorado
Walkerstad,Idaho
East Dianatown,Oregon
Amyview,Texas
Walkerborough,Arizona
North Shawn,Missouri
West Karentown,Arkansas
North David,New Mexico
Port Lucasview,South Dakota
West Jenniferborough,California
Adamtown,Colorado
Perezburgh,Delaware
East Shawn,Idaho
Carrollchester,Wyoming
Gonzalestown,Rhode Island
Baileyville,Maryland
Davidton,Louisiana
North Justin,Iowa
Kevinton,Massachusetts
Vincentborough,Connecticut
Lake Josemouth,Maine
Lake William,Tennessee
Bradfordtown,Minnesota
Rodriguezbury,New York
Keithburgh,Mississippi
South Abigail,Ohio
West Daniel,Nevada
South Steven,Louisiana
Newmanport,New Mexico
Juanhaven,Louisiana
Wangborough,Ohio
Richardsonchester,North Dakota
New Brianburgh,West Virginia
Sharonchester,Iowa
North Angelaborough,Rhode Island
Thomasside,North Dakota
Ianshire,Wisconsin
Michaelchester,Nevada
Annetteberg,Wyoming
Margaretview,Kentucky
Port Steven,Iowa
Simpsontown,Minnesota
West James,Montana
West Stacymouth,Kansas
Nathanville,Missouri
Port Jeremy,Colorado
Maryfort,Indiana
Davidchester,New Jersey
Ramosburgh,Oregon
Sarahchester,Vermont
West Jennifer,New Hampshire
Taylorport,California
Samanthashire,New Hampshire
Nicolechester,Georgia
Charlesside,Kentucky
South Reginaldmouth,Wisconsin
Lake Eric,Georgia
East Alex,Arizona
Kevinborough,South Carolina
Andreastad,New Jersey
South William,Tennessee
East Paul,New York
Calderonville,Maryland
East Aprilside,South Dakota
Andrewbury,Texas
Port Victoriahaven,Missouri
Michaelstad,Virginia
North Karenchester,Utah
Lake Benjamin,Illinois
Port Kylieville,Montana
Clementsfort,New York
Millerland,Alabama
Calvinton,California
Madisonside,Connecticut
Lake Angelabury,Illinois
West Christopher,Michigan
Karenshire,North Dakota
Lake Michaelland,Virginia
Angelaton,Idaho
East Christopher,South Dakota
West Jermaine,South Dakota
Heathermouth,Ohio
Lake Tammy,New Jersey
Lake Zachary,Pennsylvania
South Kennethtown,California
South Stephanie,Idaho
Woodfurt,Alaska
Aaronbury,Vermont
Masonfurt,South Dakota
Shannonhaven,Kentucky
New Jacquelineview,Utah
New Wendybury,Wyoming
Port April,Pennsylvania
New Stephanieville,Wyoming
North Anthony,Oklahoma
North Wendyland,Nebraska
Clineview,North Dakota
South Suzanne,Ohio
West Erica,Michigan
Pattersonstad,Montana
East Lawrenceshire,Pennsylvania
Jenningsport,New York
South Carriestad,New Hampshire
Rubenton,Texas
Denisestad,Ohio
Hunterland,Indiana
Flynnfort,Kentucky
Jillton,Arkansas
Cruzland,South Carolina
Lake Cameronville,Pennsylvania
Lake Tiffany,New Jersey
North Stevenmouth,Nevada
Lake Heathershire,West Virginia
North Tyler,Vermont
Port Steveland,Oklahoma
Lake Dannyville,Louisiana
East Ricardo,Delaware
Kristinstad,Alabama
Ballview,Wyoming
Thompsonfurt,Tennessee
East Allen,Iowa
East John,North Dakota
New Jean,North Dakota
Masseyborough,Oklahoma
South Brittanyton,Nebraska
Port Sharon,Rhode Island
West Barbara,South Carolina
Johnsonmouth,Ohio
Henrytown,Vermont
Smithborough,New Jersey
Lake Katie,Wisconsin
Higginshaven,Washington
Rodriguezside,Nevada
Johnsonview,Hawaii
Rodriguezfurt,Nebraska
Rebeccafurt,Alaska
Riveraborough,Massachusetts
Gonzalesport,Idaho
Port Charlesborough,Kansas
East Brianview,Iowa
New Sophia,Florida
Janetchester,Nebraska
Brandymouth,Virginia
Port Scotttown,Hawaii
Gibsonchester,Massachusetts
North Laurentown,Missouri
Williamview,Maryland
Williamland,Montana
West Jonathan,North Dakota
West Christopherton,New Hampshire
Amandashire,Vermont
West Courtneystad,Michigan
Lake Cathyburgh,Tennessee
North Shawna,Florida
Williamstown,Alaska
Port Gavin,Utah
Lambberg,Florida
Stephenview,Connecticut
West Patrickton,Kentucky
Bartonbury,Wisconsin
Taylormouth,Wyoming
East Samanthabury,Montana
New Darryl,Nevada
West Jeffreyborough,New Hampshire
Rodriguezton,Tennessee
Lake Nicholasfort,Utah
Lake Victoriafort,North Carolina
South Blake,Virginia
Port Jameston,Arizona
Micheleberg,Arizona
West Jacobside,Indiana
Chelseaville,Oklahoma
New Christyfurt,Vermont
Butlerhaven,Georgia
Richardsonborough,Oklahoma
Lake Raymond,Kansas
Frankchester,Connecticut
East Amybury,Massachusetts
South Joseph,Michigan
Gregoryshire,Iowa
South Michelleshire,Arkansas
North William,Iowa
Harrisberg,Oregon
Lake Samanthaborough,Maine
Lake Wendybury,Kentucky
Leeport,Utah
Lake Kelly,California
Kathleenshire,Connecticut
Youngberg,North Dakota
Port Stevenstad,Maryland
Lake Aaron,New Jersey
South Charlesland,Arkansas
Port Joel,Pennsylvania
Douglastown,New York
Robertport,Alaska
Adkinshaven,Utah
Bethhaven,South Carolina
Dominiqueborough,Indiana
North Jasonbury,Alaska
Jeffreyborough,Connecticut
West Shawntown,Massachusetts
Pattersonport,Maryland
West Josephhaven,West Virginia
West Gabrielhaven,Nebraska
South Jeffreyfurt,New Jersey
Jonesfort,Delaware
Lake Jessicaborough,Idaho
Annaport,California
East Jodi,Colorado
Stevenborough,Hawaii
Lake Erikburgh,South Carolina
Wagnerburgh,Wisconsin
East Bryanbury,Oregon
South Lisa,Vermont
Mannchester,South Dakota
Davidburgh,Arkansas
Bellmouth,Indiana
South Jaimeland,Oregon
South Barry,Wyoming
Port John,Colorado
Moodymouth,Missouri
West Danielton,Delaware
Lake Pamelashire,Nebraska
Lake Stevenhaven,Idaho
Sarahberg,Utah
Lake Angela,Connecticut
Hicksmouth,Georgia
North Stephen,Kansas
Lake Justinstad,Iowa
Davidstad,Iowa
Andersonbury,New Jersey
North Davidberg,Utah
Stonebury,Alabama
West Melissatown,Arizona
New Michael,New Hampshire
New Lorishire,Iowa
Mariestad,Massachusetts
South Codychester,Utah
West Allison,Hawaii
North Sharon,Missouri
Port Austinton,Pennsylvania
Cardenasfurt,Idaho
West Patricia,Illinois
Allenberg,Maine
Port Jasonborough,New York
Rodneyside,South Dakota
Port Jamesside,Delaware
Deborahhaven,Montana
Jonathanmouth,Utah
East Alejandrafort,Massachusetts
South Tinachester,Louisiana
North Tammy,South Carolina
East Shelbyport,Tennessee
Sloanport,Maine
East Kennethmouth,Oklahoma
New Matthew,Louisiana
Port Joshuatown,Ohio
East Jennifermouth,Kentucky
West Jennifertown,Tennessee
Edwardville,Washington
Carlsonstad,South Dakota
Lake Kenneth,Pennsylvania
Port Jonathan,Arizona
New Stevenbury,Utah
Cherylmouth,Hawaii
Starkberg,Rhode Island
Lake Dawnview,North Carolina
South Amandashire,Georgia
Christopherville,Ohio
Garciaton,Wyoming
Franklinville,North Dakota
Angelachester,New Mexico
Tabithamouth,New Mexico
Lake Steven,Texas
East Catherineborough,Alabama
Jonathanfort,West Virginia
Shawnberg,Vermont
Krystalside,Georgia
Port Sarahfurt,New Mexico
East Joseph,Pennsylvania
Adkinsfort,Arkansas
South Christina,Utah
West Erin,Maine
Robertmouth,New Hampshire
Daniellefurt,Indiana
Hernandezside,Iowa
North Virginia,California
West Lesliefurt,Pennsylvania
Smithhaven,Oklahoma
Cameronmouth,Tennessee
Sanchezhaven,Oklahoma
New Ashley,Hawaii
New Theresatown,Missouri
Port Susan,Alabama
Kimberlyshire,Iowa
South Cindymouth,Idaho
Ramirezmouth,Kansas
Lake Lisa,South Dakota
Lake Michelleport,Alaska
Port Richard,Georgia
North Amanda,Missouri
East Shane,West Virginia
Brittneyborough,Maryland
Richardmouth,Michigan
East Michellestad,New Hampshire
Port Natalieton,Oklahoma
Sextonchester,Illinois
Christopherview,Wyoming
Jamesbury,Alabama
Dukeburgh,Alabama
Lake Jesse,New Mexico
Brittanyport,New Hampshire
New Gregoryport,North Carolina
Ianside,South Dakota
Walkerland,North Dakota
Riosfort,Pennsylvania
Beasleybury,Oregon
East Shawnfort,North Dakota
North Tylerton,Michigan
Emilyside,Texas
Port Johnton,North Carolina
South Alanside,Maine
East Gregory,Louisiana
Sherryside,Idaho
West Jaredside,California
Longshire,Arizona
Lindaville,South Carolina
Foxberg,Oklahoma
Port Rhondastad,Georgia
Port Heidistad,Iowa
Josephshire,South Carolina
West Rebekah,Georgia
West Amber,Alabama
Harrisonfurt,Indiana
South Melissaburgh,Arkansas
Petermouth,Minnesota
Robertsstad,West Virginia
Wallaceport,Oregon
East Veronicamouth,Utah
Lake Michaelbury,Alabama
Alanstad,New York
Brianside,California
Jesseton,South Carolina
West Robert,Massachusetts
Lake Dianetown,Washington
North Catherinetown,South Dakota
Floresbury,Kentucky
South Shawnaport,Utah
Wilsonmouth,Mississippi
Lake Margaret,Texas
Davisburgh,Maryland
Moralesview,Georgia
East Julie,Michigan
Gilmorefort,Alaska
East Michael,Montana
Poolefurt,Rhode Island
Myersbury,Georgia
North Ethanland,Washington
East Thomas,Pennsylvania
Lake Natalietown,Pennsylvania
Jenniferview,Illinois
Gonzalezberg,Louisiana
North Elizabethshire,New Hampshire
Johnsonbury,Mississippi
New Jacob,Alaska
Port Bradleymouth,Iowa
West Matthewchester,Michigan
Jonesland,Colorado
Bellton,New Hampshire
New Johnview,California
Hoganmouth,Kentucky
West Ronaldhaven,Indiana
Williamsview,Utah
West Jonathanville,Florida
New Robertmouth,Mississippi
New James,Indiana
Lake Mitchell,Montana
South Kennethville,Colorado
Murphychester,Wisconsin
Henryshire,Vermont
Clarktown,Minnesota
Mckenziestad,Iowa
Santanatown,Kentucky
East Carmenberg,Florida
East Lisa,New Hampshire
Haysburgh,New Mexico
Lopezmouth,Missouri
Blakebury,Texas
South Felicia,New Hampshire
North Jonathanside,Kentucky
South Paul,Missouri
South Tammyberg,Idaho
Lake Michael,Mississippi
Lake James,New York
Ericburgh,Delaware
Waltershire,Oregon
Sarahton,Oklahoma
Dixonfurt,North Dakota
East Ellenburgh,Washington
Castillochester,New Hampshire
New Michaeltown,Tennessee
Port Derek,South Dakota
East April,Colorado
Larsonfort,North Carolina
Robertborough,Idaho
Davidville,Texas
Lake Meghan,New Mexico
Jacobsfort,Colorado
Huertaview,Illinois
Lake Robertville,Arizona
Port Kennethside,Mississippi
New Sarahside,Oregon
Sheryltown,Virginia
Mooreside,Maryland
Michellefort,Maryland
Ashleyport,North Dakota
Brandontown,Rhode Island
South Joshua,New York
Port Kevinborough,Maryland
West Nicolefort,Arkansas
Lake Juliashire,New York
Holmesshire,Maine
West Alexside,Montana
Nicoleside,South Carolina
New Angelica,Arizona
East William,Michigan
Rogersfurt,Nebraska
Davisshire,Connecticut
Port Tiffanyside,Indiana
Barrettfort,Nevada
North Kevin,Arizona
Stephensonburgh,Kentucky
Rayton,North Carolina
Lesliestad,Wisconsin
Vaughanport,Alabama
East Christina,New Mexico
New Jorge,Wisconsin
North Kelly,Kansas
New Alexisborough,Indiana
South Michael,Pennsylvania
West Chelseaport,Iowa
Benjaminfurt,Georgia
Longbury,Hawaii
Matthewchester,Kentucky
Markberg,Maine
West Amy,Ohio
Craigmouth,Vermont
Bradleyhaven,Maine
North Kendrashire,West Virginia
Lake Timothy,Texas
West Brian,Texas
Lake Travis,Maryland
Freemanland,Mississippi
East Christine,North Dakota
West Jonathanshire,Massachusetts
West Donald,Louisiana
South Samanthahaven,Oregon
Lake Richardberg,Kansas
Lake Julie,Alabama
South Juan,Nebraska
Piercebury,Wisconsin
Lake Andrea,Colorado
New Jenniferburgh,Minnesota
West Mary,Texas
Matthewborough,Maine
West Allisonfort,Illinois
Lake Christopher,Kansas
North Kennethchester,Maine
New Joseph,North Dakota
Estradaport,Idaho
Wallland,Colorado
Nicholstown,Illinois
Mooreburgh,Vermont
Raymondton,Vermont
Port James,Pennsylvania
Davidland,Nevada
West Edward,New Hampshire
Annebury,Colorado
South Kennethport,Louisiana
Browningmouth,Connecticut
Osbornestad,Ohio
Bellstad,Wisconsin
Whitefurt,Pennsylvania
East Christopherfort,Iowa
Clineburgh,Nevada
West Lindaborough,Massachusetts
South Corymouth,Alaska
South Bob,Arizona
Russellmouth,Arizona
Adamfurt,Minnesota
North Andrea,North Dakota
Fuentesshire,Massachusetts
West Cindy,Wisconsin
Lake Cassandra,Louisiana
Port Theresa,Maryland
Sheliafort,California
Lake Andrew,Mississippi
Schultzfurt,Delaware
Robinsonside,Hawaii
Annamouth,Idaho
West Jessica,Nevada
Allenland,Hawaii
East Jill,Maine
South Timothyberg,Vermont
Amyland,Rhode Island
Port Kellymouth,California
Lake Terri,Colorado
Lake Gary,Minnesota
New Laura,North Carolina
Port Victorville,Colorado
Bellville,South Dakota
Port Timothy,New Jersey
Wilsonburgh,Colorado
Lake Mirandamouth,North Dakota
Elizabethfort,New York
West Deannaview,California
Oconnellburgh,Louisiana
Wolfview,Alaska
Williamshire,Alaska
East Taraville,Kentucky
Simmonsview,Nevada
East Andreabury,Pennsylvania
Armstrongstad,Michigan
Batesview,Massachusetts
Dannyfurt,Virginia
Joycemouth,Georgia
Elizabethburgh,California
Sarahhaven,Iowa
Lewishaven,Maryland
Kimberg,Nebraska
Bennettstad,Alabama
Evansmouth,Vermont
Leeshire,Nevada
Crystalport,North Dakota
Brayland,Alabama
South Debbie,Louisiana
South Mark,Maryland
Port Makaylachester,North Dakota
Krauseborough,Maine
Port Timothyshire,Alabama
Brooketon,New York
Lake Jodimouth,Vermont
Acevedohaven,Missouri
Sellersbury,Kansas
West Todd,Wisconsin
North Wandafort,Arizona
Stonefurt,Kentucky
East Lauramouth,Maine
Port Zachary,Virginia
Beckerberg,West Virginia
Marquezmouth,Kentucky
Lopezburgh,Idaho
Jonathanside,Kansas
Deckerburgh,Missouri
Port Jacqueline,Arkansas
North Kennethland,Maine
Port Shannonborough,South Carolina
South Justinfort,West Virginia
New Pedro,Iowa
Lake Ryanbury,Massachusetts
Riveraton,Oregon
North Carlos,Wisconsin
Adamsland,Pennsylvania
Ericville,Texas
North Daniel,Utah
Davidborough,North Dakota
West Daniellefort,South Carolina
South Alexandra,Tennessee
West Christina,Oklahoma
Lake Jacobville,New Jersey
New Brandiberg,Hawaii
North Brian,Rhode Island
North Kathleen,Oregon
Charlesfurt,Illinois
Laurenchester,South Carolina
Matthewmouth,New York
Michaeltown,Alabama
West Justinburgh,Kansas
North Lindaton,Kentucky
Toddchester,Tennessee
Tammyville,North Carolina
Troybury,Louisiana
South Marc,Minnesota
Johnport,Florida
Jesseville,Alaska
Bradleyland,Connecticut
South Zacharyport,Idaho
Aliciabury,Colorado
West Nancy,Mississippi
Tamarashire,Arkansas
Lake Cristianstad,Rhode Island
Port Phillipbury,Oregon
Michaelton,Idaho
Port Martinburgh,North Carolina
Cartertown,New Hampshire
West Sarah,Maryland
New Dawntown,Wisconsin
Webbville,South Carolina
New Donnatown,Arizona
Gonzalezland,Maryland
West Justinborough,Utah
North Linda,Tennessee
Port Stevenview,Idaho
Morrisside,New Jersey
Alvarezshire,Nebraska
South Dominic,Missouri
Lucasberg,Hawaii
Nathanton,Wyoming
East Paula,Iowa
Lake Brettville,Nebraska
Aprilfurt,Montana
Johnsburgh,Nevada
South Jennifer,Idaho
Anthonyton,Illinois
Curryshire,Colorado
Tonimouth,Georgia
Jerryville,New Mexico
West Dana,New York
Brennanfort,Utah
Cameronside,Mississippi
Camposberg,Colorado
Port Garyhaven,Nevada
East Megan,Wyoming
East Nataliemouth,Alabama
New Kellyshire,Alaska
Vanessabury,North Carolina
Jasonberg,West Virginia
Lake Andrewshire,Ohio
East Jacquelinefurt,Idaho
West Patriciaborough,Pennsylvania
Johnsonchester,Iowa
West Crystal,Florida
North Matthew,North Dakota
Hollandstad,Kentucky
Guerrerobury,Hawaii
Hahnshire,Montana
Anthonytown,Alabama
Schmidthaven,Colorado
Tiffanyburgh,Pennsylvania
East Juan,New Jersey
West Isabelville,West Virginia
Melaniehaven,Idaho
Rodriguezborough,Texas
Port Darleneland,Utah
East Jenniferview,Massachusetts
Reidside,Hawaii
South Tanyatown,Washington
Melissaside,Washington
Andersonview,North Dakota
Lake Stacyhaven,Maryland
South Greg,Kentucky
West Amandashire,Delaware
Bethanyview,Massachusetts
Grimesborough,Utah
West Joannaburgh,Utah
South Katrinashire,Idaho
Perryburgh,New Mexico
Port Christopher,New Jersey
Port Michael,Arkansas
Goodmanshire,North Dakota
Chandlerbury,Maryland
Kingtown,Alabama
Port Gregorychester,Oregon
West Rachel,North Dakota
East Stephanieside,Arizona
Jeremyfurt,New Mexico
Danaport,North Dakota
Lake Patricia,Rhode Island
Laurenmouth,Hawaii
Mooreport,Alabama
Griffinshire,Illinois
South Sherry,Kansas
Hollowayport,Colorado
Port Keith,Vermont
Lake Ashleymouth,Florida
Port Alyssa,Rhode Island
West Brittanyberg,Oklahoma
Coltonmouth,Maryland
Lopezborough,Nevada
Wrightfort,West Virginia
South Christopherfort,Texas
Port Beth,Maine
Graveshaven,California
Tinachester,Hawaii
Lake Jameshaven,Maryland
Hinesborough,Connecticut
Dorseyborough,Missouri
West Jennyborough,Nevada
Jacobhaven,Kansas
Lake Jessica,Colorado
Luismouth,Mississippi
Lake Charles,North Dakota
North Wandachester,Kansas
Matthewshire,Alaska
Mccalltown,Colorado
Dennisburgh,Delaware
Leeberg,Alabama
Mccoyberg,South Dakota
New Jeremyview,Washington
New Jeremy,Illinois
Caseyside,Wyoming
South Stephanieborough,Kentucky
West Susan,West Virginia
Port Daniel,Florida
New Maryfurt,Hawaii
Port Briana,California
North Lisa,Wyoming
Lake Danny,South Dakota
Edwardport,Florida
Ianport,New York
Masonhaven,South Dakota
East Tannermouth,Kentucky
West Justinside,Tennessee
North Antoniotown,Utah
Stevenmouth,Alaska
Larafort,Oregon
Lake Mariahaven,Delaware
West April,Georgia
Thompsonbury,Idaho
Wrightview,Utah
Sherrymouth,Hawaii
Robinsonland,Nebraska
Taraton,Alaska
Jacksonstad,Vermont
