id_direccion,id_comuna,calle,numero
1,1,Daniel Landing,2337
2,2,Black Streets,2464
3,3,Stewart Mountain,1613
4,4,Smith Port,925
5,5,Donald Springs,429
6,6,Garcia Street,546
7,7,Bauer Neck,3895
8,8,Davis Ridges,4783
9,9,Christopher Passage,3480
10,10,Jerry Corners,4163
11,11,Bishop Way,3832
12,12,Stephanie Mountain,4994
13,13,Tyler Streets,294
14,14,Gordon Drive,535
15,15,Jacob Manor,2491
16,16,Donna Extension,4838
17,17,Hayes Wells,4280
18,18,Reid Freeway,946
19,19,Shannon Groves,4102
20,20,Crystal Avenue,781
21,21,Benjamin Crescent,4057
22,22,Kevin Plain,1786
23,23,Harper Mountains,1408
24,24,Clark Circles,885
25,25,Martinez Path,4360
26,26,Dawn Ramp,4452
27,27,Silva Course,3410
28,28,Thompson Stream,449
29,29,Mike Route,410
30,30,Miles Shoals,4351
31,31,Julia Junction,2506
32,32,Hays Extensions,3203
33,33,Phillip Lane,4189
34,34,Elizabeth Trail,3143
35,35,Sawyer Ville,1303
36,36,Hannah Union,173
37,37,Anthony View,2832
38,38,Tiffany Common,3016
39,39,Kristina Point,670
40,40,Harris Manor,698
41,41,Kelly Meadow,1825
42,42,Karen Shoal,4588
43,43,Avila Loop,1426
44,44,Michael Inlet,1669
45,45,Angela Mews,3036
46,46,Catherine Falls,4161
47,47,Jasmine Expressway,4141
48,48,Williams Viaduct,1223
49,49,Mary Fork,2635
50,50,Skinner Junction,2324
51,51,Smith Square,1138
52,52,Bryant Turnpike,1086
53,53,Petersen Cove,3461
54,54,Schwartz Underpass,2610
55,55,Tara Harbors,450
56,56,Cox Shore,1857
57,57,Austin Throughway,722
58,58,Jasmin Glen,2467
59,59,Jennifer Brook,437
60,60,Morrow Unions,607
61,61,Luna Ville,4246
62,62,Steele Spring,1292
63,63,Dale Rapids,3309
64,64,Mark Union,2515
65,65,Cobb Roads,1704
66,66,Brandy Squares,2593
67,67,James Run,4642
68,68,Monica Mills,217
69,69,Robert Extension,1791
70,70,Davis Villages,1138
71,71,Thomas Prairie,1739
72,72,Jackson Prairie,578
73,73,Michael Parkways,4433
74,74,Sanchez Drive,4909
75,75,Hernandez Courts,4584
76,76,Clark Stream,4283
77,77,Lowe Causeway,4495
78,78,Christian Plains,3231
79,79,Dorothy Harbor,548
80,80,Stevens Light,3623
81,81,Heidi Port,1131
82,82,Jennifer Wall,1132
83,83,Connor Coves,2687
84,84,Justin Bypass,2743
85,85,Andrew Meadows,3784
86,86,Reilly Hills,2796
87,87,Hill Manors,3664
88,88,Williams Hollow,2727
89,89,Anthony Parkway,2376
90,90,Jackson Inlet,1730
91,91,Jones Station,3292
92,92,Thomas Plaza,1370
93,93,Lewis Isle,3711
94,94,Edwards Garden,4960
95,95,Meza Throughway,385
96,96,Parsons Mission,4585
97,97,Wilson Islands,3448
98,98,Lucas Flats,115
99,99,Amy Mountains,2137
100,100,Thomas Lane,2397
101,101,Joshua Highway,207
102,102,Wiley Point,1394
103,103,Sarah Walk,4828
104,104,Christina Overpass,4453
105,105,Valdez Turnpike,1464
106,106,Tracy Light,120
107,107,Hicks Tunnel,3087
108,108,Kari Pine,4062
109,109,Katrina Unions,367
110,110,Brian Forge,4680
111,111,Suzanne Isle,459
112,112,Schneider Villages,477
113,113,Dustin Well,2181
114,114,Mark Plaza,3050
115,115,Johnson Radial,2249
116,116,Dale Glen,1879
117,117,Laura Track,2560
118,118,Jose Spurs,4863
119,119,Owens Square,3947
120,120,Christina Drive,408
121,121,Anderson Island,4318
122,122,Melinda Club,120
123,123,Melissa Plaza,1018
124,124,Emma Pines,3115
125,125,Bartlett Estates,3460
126,126,Julie Island,2823
127,127,Elizabeth Haven,1957
128,128,Sara Wall,1491
129,129,Matthew Walk,3503
130,130,Robert Avenue,549
131,131,Glen Circle,228
132,132,Campbell Forks,2645
133,133,Donald Shores,665
134,134,Jeffrey Court,1904
135,135,Gonzalez Springs,2808
136,136,Barr Point,3271
137,137,Jennifer Glens,3020
138,138,Matthew Streets,2641
139,139,Martin Camp,1829
140,140,Todd Center,691
141,141,Mckenzie Land,2565
142,142,Middleton Pike,710
143,143,Gregory Fall,4175
144,144,Cynthia Summit,3616
145,145,Robert Plain,557
146,146,Michael Shores,2739
147,147,Sarah Ford,63
148,148,Robert Bridge,2802
149,149,Madeline Expressway,3482
150,150,Richardson Branch,284
151,151,Perez Springs,4664
152,152,Brandon Ferry,3910
153,153,Roberts Meadows,2125
154,154,William Radial,1451
155,155,William Circle,2798
156,156,Juan Springs,1190
157,157,Fletcher Ridge,2627
158,158,Bell Valleys,3601
159,159,Angela Point,562
160,160,Michelle Summit,4352
161,161,Edwards Viaduct,1542
162,89,John Wells,2107
163,46,Hanson Crossroad,4340
164,162,Kelley Drives,2883
165,163,Smith Island,4828
166,164,Ramirez Valleys,370
167,165,Stone Turnpike,1748
168,89,Cole Roads,1298
169,166,Jason Oval,1315
170,167,Kelly Place,2950
171,168,Jessica Cove,2582
172,169,Julia Shore,4609
173,170,John Oval,3132
174,110,Young Mill,4508
175,89,Matthews Squares,1270
176,171,Kyle Route,1931
177,172,Brett Lights,2457
178,173,Dixon Knolls,3851
179,174,Bryce Summit,697
180,175,Grace Oval,791
181,176,Timothy Key,2411
182,177,Timothy Meadows,799
183,178,Lisa Oval,919
184,179,Allison Crescent,3400
185,180,Juarez Parkways,408
186,181,Beverly Ridges,2830
187,182,Gregory Drive,2287
188,183,Christopher Place,1951
189,184,Aguilar Meadows,2865
190,185,Louis Street,1282
191,186,Dean Row,897
192,187,Luis Curve,567
193,188,Meghan Heights,3405
194,189,Arthur Springs,3524
195,190,Katherine Green,275
196,191,Robert Oval,52
197,192,Johnson Burg,945
198,193,April Plaza,3362
199,194,Jake Haven,3957
200,195,Wilson Ports,4240
201,196,Harvey Isle,45
202,197,Erika Plains,2481
203,198,Smith Lane,3022
204,199,Crawford Parks,4267
205,200,Bartlett Key,4900
206,201,James Dam,4528
207,202,Morris Row,3201
208,203,Jill Harbor,1923
209,204,Tracy Alley,1495
210,205,Ryan Light,3410
211,206,Travis Mountains,3872
212,207,Phyllis Greens,4003
213,208,Booth Street,3200
214,209,Madden Pines,3179
215,210,Rose Cliffs,2081
216,211,Cheryl Station,3861
217,212,Martin Junctions,549
218,213,Jennifer Radial,1749
219,214,Schmidt Skyway,3833
220,215,Burton Cliffs,4106
221,216,Horton Brooks,4959
222,217,Castillo Stream,2894
223,218,Smith Flat,1431
224,219,Franco Manor,3980
225,220,Robles Mount,4810
226,221,Bryan Vista,1283
227,222,Dustin Expressway,4063
228,223,Shawn Tunnel,1020
229,224,James Walks,3092
230,225,White Trail,658
231,226,Jordan Branch,993
232,227,Baxter Tunnel,1499
233,228,Robert Union,2730
234,229,Guerrero Track,2088
235,230,Amy Flat,2444
236,231,Robin Square,4073
237,232,Stone Streets,3568
238,233,Sara Parkway,4786
239,234,Munoz Summit,2388
240,235,Misty Meadows,1257
241,236,Buchanan Island,2017
242,237,Cody Glens,2894
243,238,Smith Spur,3032
244,239,John Lock,4377
245,240,Andrea Alley,2119
246,241,Garcia Light,367
247,242,Michael Passage,2266
248,243,Bryan Hills,2046
249,244,Carl Station,2347
250,245,Jones Village,62
251,246,Kelli Walks,3986
252,247,Theresa Crossing,3770
253,248,Freeman Spurs,1645
254,249,Scott Glen,2542
255,250,Mcgrath Burg,4333
256,251,Jones Prairie,2183
257,252,Jacobson Points,2624
258,253,Taylor Ford,2969
259,254,Smith Greens,2599
260,255,Hatfield Lights,4733
261,256,Brown Drives,987
262,257,Brittany Vista,2964
263,258,Michelle Land,2819
264,259,Paul Pass,4179
265,260,Stephen Shoals,1034
266,261,Dixon Coves,571
267,262,Cameron Grove,1875
268,263,Maxwell Skyway,3414
269,264,Kyle Mountains,3379
270,265,George Drive,247
271,266,Robles Key,4955
272,267,Shaffer Alley,2707
273,268,Brown Pine,963
274,269,Johnson Prairie,4219
275,270,Copeland Manor,87
276,271,Johnson Union,375
277,272,Lisa Mount,1913
278,273,Orr Isle,4400
279,274,Laura Orchard,4003
280,275,Hart Pass,4970
281,276,Sanders Turnpike,3411
282,277,Jose Inlet,2963
283,11,Armstrong Way,2567
284,278,Angela Path,4553
285,279,Nixon Green,2017
286,280,Martha Mountain,3010
287,281,Beasley Skyway,265
288,89,Duffy Extensions,2153
289,282,Vargas Mountain,1911
290,283,Douglas Mission,2963
291,284,Turner Crest,2041
292,285,Julie Landing,4988
293,286,Matthew Isle,3716
294,287,Henderson Flats,2835
295,288,Edward Trail,3107
296,289,Sanders Vista,1011
297,290,Rodriguez Bridge,387
298,291,Dylan Branch,4033
299,292,Wright Plains,4765
300,293,Kimberly Village,2240
301,294,Nelson Haven,2304
302,295,Deleon Lodge,3989
303,296,Russell Unions,4903
304,297,Hardin Island,2169
305,298,Turner Plain,924
306,299,Reyes Square,2746
307,300,Tyler Haven,4689
308,301,Pittman Estates,649
309,302,Katie Stravenue,4289
310,303,Tammy Fork,1905
311,304,Angela Path,2119
312,305,Young Valleys,1503
313,306,Jacob Freeway,480
314,307,Lisa Avenue,4276
315,308,Scott Viaduct,4169
316,309,Bowman Summit,4069
317,310,Alex Dam,4510
318,311,Rebecca Land,3684
319,312,Miles Cliff,4718
320,313,Mcdonald Glen,188
321,314,Orozco Route,4029
322,315,Toni Forges,4635
323,117,Adrienne Shoals,1939
324,316,Thomas Orchard,2459
325,317,Johnson Vista,2340
326,318,Matthew Lake,1599
327,319,Ryan Estates,1707
328,320,Jonathan Villages,390
329,321,Harrington Walks,4429
330,322,Alvarado Knoll,3946
331,323,Gray Ramp,3321
332,324,Erin Plain,3636
333,325,Ferguson Orchard,1450
334,326,Newton Brooks,4061
335,327,Barrett Ranch,3790
336,289,Berry Glen,288
337,328,Gray Rest,742
338,329,Jenkins Squares,2334
339,330,Ryan Heights,3130
340,331,Wendy Mission,4763
341,332,Carroll Mission,4702
342,333,Lindsey Creek,1977
343,334,Stone Roads,2433
344,335,Sanchez Ports,2921
345,80,Sarah Shore,2613
346,336,Grant Key,863
347,337,Amanda Divide,3257
348,338,Stephanie Points,3580
349,339,Trevino Meadow,2115
350,340,Flowers Motorway,1176
351,341,Brad Centers,2318
352,342,Blake Port,205
353,343,Deanna Ranch,1181
354,344,Peter Centers,4958
355,345,Griffin Vista,742
356,346,Ball Mount,370
357,347,Wells Freeway,1093
358,348,Andrew Drive,658
359,349,Jacobs Heights,4601
360,350,Castro Village,1421
361,351,Mccarthy Greens,1612
362,352,Cody Fields,1050
363,353,Kelly Curve,961
364,354,Taylor Flats,3243
365,355,Riggs Locks,2789
366,356,Ramirez Alley,3631
367,357,Nelson Stravenue,1184
368,358,Patrick Highway,3168
369,359,Smith Inlet,139
370,360,Anderson Circle,1987
371,361,Martinez Crossing,1383
372,79,Emily Divide,4600
373,362,Melissa Cliffs,2577
374,363,Joseph Points,1327
375,364,Ruben Land,3143
376,365,Morales Harbors,565
377,366,Amanda Route,4204
378,367,Jessica Loaf,1540
379,368,Moore Lane,3986
380,369,David Fields,4721
381,370,Garrett Squares,769
382,371,Kim Court,359
383,372,Dorsey Creek,4460
384,373,Wallace Locks,421
385,374,Mendez Islands,4618
386,375,Gamble Forks,1563
387,376,Pitts Hills,1190
388,377,Nicole Shore,2158
389,378,Susan Overpass,3579
390,379,James Spurs,1496
391,380,Andrew Hill,2216
392,381,Kara Common,221
393,382,Matthew Overpass,2386
394,383,Elizabeth Underpass,4268
395,384,Miranda Flats,2699
396,191,Eric Port,4914
397,385,Austin Shores,4528
398,386,Cherry Mall,3481
399,387,Marcus Trace,2193
400,388,Allison Ridges,609
401,389,Davis Place,2739
402,390,Christopher Flat,2187
403,391,Jenna Skyway,340
404,392,Cox Estates,2243
405,393,Nicole Extension,3567
406,394,Jackson Station,3660
407,395,Shea Branch,2644
408,396,Jones Squares,1924
409,397,Johnson Lights,3743
410,398,Hess Trail,819
411,399,Chaney Loaf,429
412,400,Hancock Lakes,4645
413,401,Danielle Meadow,1025
414,402,Theresa Fork,1679
415,403,Patel Station,2704
416,404,Jacob Falls,4045
417,405,Russell Mill,4135
418,406,Teresa Circles,85
419,407,Johnston Roads,3841
420,408,Wesley Road,308
421,409,Wright Plains,4824
422,410,Anthony Rue,1750
423,411,Martinez Fords,250
424,412,Michelle Plaza,1745
425,83,Debra Brook,3491
426,413,Courtney Roads,4818
427,414,Lydia Walk,1886
428,415,Brian Mission,1977
429,416,Richard Rapid,142
430,417,Gutierrez Center,3068
431,418,Catherine Underpass,2823
432,419,Shannon Overpass,3826
433,420,Gonzalez Village,3810
434,421,Christopher Unions,1401
435,422,Castillo Rapid,973
436,423,Elizabeth Locks,106
437,424,Melvin Bridge,940
438,425,Banks Run,3847
439,426,Regina Knoll,822
440,427,Campbell Viaduct,3561
441,428,Katherine Overpass,4417
442,1,Elizabeth Villages,3127
443,429,Brooke Mission,1442
444,430,Lawrence Trail,940
445,431,Robinson Burgs,1870
446,432,David Walk,4119
447,433,Anderson Crescent,3733
448,434,Cole Knoll,4360
449,435,Williams Spurs,80
450,436,Fisher Walk,1039
451,437,Smith Brooks,4912
452,438,Melinda Alley,1786
453,439,John Cliffs,4054
454,440,William Ferry,1355
455,441,Samantha Squares,4547
456,442,Kristen Prairie,2276
457,443,Kenneth Views,4686
458,444,Morris Mountains,2345
459,445,Daniel Walk,1689
460,446,Lowe Wall,3196
461,447,Jose Mall,4927
462,448,William Brook,1322
463,449,Rachel Lodge,525
464,450,Malik Street,2563
465,451,Rebecca Mission,2154
466,452,Hill Pike,2243
467,453,Sherry Ports,33
468,454,David Village,2853
469,455,Sarah Track,1074
470,456,Weaver Oval,3896
471,457,Oliver Spring,1453
472,458,Romero Causeway,2369
473,459,Sandoval Street,2145
474,460,Meghan Ridges,4627
475,461,Lewis Ferry,23
476,462,Hendricks Estates,1795
477,463,Mindy Common,3698
478,464,Joseph Highway,3558
479,465,Turner Islands,2472
480,466,Zachary Meadows,1376
481,467,Smith Trail,3820
482,468,Wanda Union,1612
483,469,Holt Brooks,614
484,470,Antonio Glen,3951
485,471,Virginia Manor,3574
486,472,David View,2459
487,473,Ayala Passage,1934
488,474,Johnny View,191
489,475,Davis Tunnel,3224
490,476,Anthony Canyon,3333
491,477,Harrington Row,729
492,478,David Avenue,3232
493,479,Ayers Valleys,1673
494,480,Ashley Branch,1447
495,481,Ashley Tunnel,1559
496,482,Daniel Summit,1474
497,483,Angela Isle,2302
498,484,Michele Expressway,569
499,485,Bonnie Manor,4012
500,486,Carrie Ville,925
501,487,Dominique Path,3697
502,488,Perez Forks,3425
503,489,Julie Mall,2214
504,490,Andrew Forge,4909
505,491,Deborah Ramp,2035
506,492,Morrison Drives,3976
507,493,William Overpass,2879
508,494,Andrea Locks,3367
509,495,Gardner Street,2688
510,496,Burns Flat,4701
511,497,Morgan Drive,4135
512,475,Rodriguez Neck,2140
513,184,Johns Ports,3387
514,498,Castillo Club,603
515,499,Kathleen Mountains,1955
516,500,French Row,4462
517,501,Young Ports,1295
518,502,Stephanie Crest,3871
519,503,Michael Ridges,1888
520,504,Cox Squares,1472
521,505,Hughes Orchard,4036
522,506,Lewis Road,2513
523,507,Jacob Mews,2999
524,508,John Haven,4923
525,509,Vargas Ville,587
526,510,Jessica Viaduct,2839
527,511,Mccarthy Drive,3409
528,512,Patel Points,2548
529,513,Leach Ways,1477
530,514,Edwards Throughway,1850
531,515,Jesus Overpass,4724
532,516,Harvey Hills,4957
533,517,Cameron Trafficway,1291
534,219,Cassandra Locks,4387
535,518,Hutchinson Walk,1965
536,519,Matthew Knolls,931
537,520,Jennifer Springs,2899
538,521,Guzman Stravenue,2559
539,522,Jackson Haven,3443
540,523,Frank Burg,4142
541,524,Taylor Junction,683
542,525,Perkins Harbor,2427
543,526,Mahoney Street,1237
544,527,Caitlin Parkway,3889
545,528,Curtis Light,1564
546,529,Fisher Tunnel,4448
547,530,Brian Canyon,1122
548,531,Stuart Mountain,2322
549,532,Phillips Mills,4255
550,464,Nicholas Valleys,3460
551,533,Bruce Orchard,4945
552,534,Emily Walks,3224
553,535,Douglas Loaf,2674
554,536,Kelsey Manors,3992
555,537,Conley Ford,246
556,538,Stephen Forest,2331
557,539,Johnson Prairie,1413
558,540,Howard Shoal,1643
559,541,Brittany Cliffs,348
560,542,Howard Drive,565
561,543,Lauren Knoll,4996
562,544,Clay Port,102
563,329,William Point,2707
564,545,Shawn Squares,5
565,546,Jones Course,2058
566,547,Austin Brook,2228
567,548,Raymond Extension,2446
568,549,Brittany Land,4764
569,144,Megan Crescent,728
570,550,Anderson Track,1063
571,551,Cox Valleys,4386
572,552,Jonathan Burgs,1629
573,553,Ortiz Extensions,2480
574,554,Megan Freeway,4621
575,555,Mckinney Cliff,1800
576,556,Stewart Cove,1519
577,55,Andrea Stream,3184
578,557,Zachary Turnpike,3319
579,128,Karen Drives,3882
580,558,Townsend Wall,3494
581,559,Edwards Well,2212
582,560,Angela Street,3668
583,561,Aguirre Pike,50
584,531,Bradley Oval,1837
585,562,Sarah Parkway,1382
586,563,Williams Loop,4381
587,564,Gomez Club,349
588,565,Walker Prairie,297
589,566,Walker Run,3331
590,567,Alyssa Park,2809
591,568,Day Valley,3181
592,569,Dennis Vista,1818
593,570,Dwayne Garden,3126
594,571,Rebecca Village,4949
595,572,Desiree Cliffs,1580
596,573,Cook Plains,170
597,574,Oscar Spurs,4365
598,575,Makayla Pine,3943
599,576,Smith Gardens,3661
600,577,Sharon Loop,546
601,247,Brenda Route,1358
602,578,Erik Plain,4829
603,579,Solis Isle,569
604,580,Chelsey Highway,1804
605,581,Williams Common,1665
606,582,Cathy Turnpike,4822
607,583,Campbell Island,667
608,584,Burch Lights,4255
609,79,Miller Green,3785
610,585,Amy Fords,3591
611,586,Hamilton Villages,4139
612,587,Singh Harbors,1123
613,588,Thomas Squares,3412
614,589,Debra Lights,2666
615,590,Brown Way,666
616,591,Jenna Key,2222
617,592,Vanessa Crescent,3633
618,593,Raymond Circles,1851
619,594,Brown Lakes,1433
620,595,Curtis Hollow,43
621,596,Matthew Crest,2158
622,597,Silva Circles,3812
623,598,Williams Drive,3271
624,599,Mclaughlin Center,4604
625,600,Marissa Underpass,2668
626,601,Melinda Harbors,3504
627,602,Stephens Mill,2258
628,603,Kelly Locks,4694
629,604,Crystal Land,2894
630,605,Richard Turnpike,3403
631,606,Michael Path,1578
632,607,Bennett Park,1857
633,608,Sellers Glen,2152
634,609,Kelly Divide,2733
635,610,Kathleen Burg,3154
636,611,Suzanne Meadow,4787
637,612,Hill Turnpike,4087
638,613,Ryan Stravenue,476
639,614,Diamond Walk,1057
640,615,Cooper Circles,4420
641,616,Maynard Pines,1117
642,617,Drew Locks,3734
643,618,Dustin Isle,2223
644,619,Keith Views,563
645,620,Perkins Village,4379
646,621,Evans Pike,64
647,622,Robert Turnpike,3115
648,623,Richardson Avenue,1008
649,624,Miller Overpass,1868
650,625,Stewart Mountain,3433
651,626,Valdez Land,4168
652,627,Foster Course,974
653,628,Wang Unions,3866
654,629,Bradley Isle,324
655,630,Jordan Coves,780
656,631,Jose Mews,469
657,454,Hogan Stream,3309
658,632,Calhoun Garden,1255
659,633,Rodriguez Square,2094
660,634,Lisa Light,430
661,635,Lopez Mill,1731
662,636,Sparks Knoll,499
663,637,Poole Fall,2585
664,638,James Wall,782
665,639,Martinez Street,596
666,640,Jackson Road,4204
667,641,Sherman Field,1441
668,642,Lisa Rue,1057
669,643,Heath Shores,1960
670,644,Lisa Course,1036
671,645,Stephanie Plains,3558
672,646,Ronald Mews,2690
673,647,Duncan River,2146
674,648,Wilkins Lane,4186
675,649,Jason Parks,3563
676,223,Johnson Estates,2003
677,650,Chad Course,1928
678,651,Jeremy Tunnel,3194
679,652,Fernandez Harbor,4591
680,653,Lee Fall,3195
681,654,Jennifer Place,354
682,655,Benjamin Inlet,1341
683,656,Neal Village,1276
684,657,Monique Falls,615
685,658,Natasha Bypass,2701
686,659,Riley Unions,3734
687,660,Levine Trail,4219
688,661,Brandy Coves,134
689,662,Burnett Plains,3612
690,663,Rivera Rest,3182
691,664,Bailey Green,3589
692,665,Phillips Hollow,4690
693,666,Nancy Point,3306
694,667,Cynthia Mountains,2754
695,668,Cruz Common,2367
696,669,Anthony Bypass,134
697,670,Adams Rapids,1149
698,671,Buckley Views,1031
699,672,Hernandez Square,4694
700,673,Wall Plain,4959
701,674,Christie Lodge,380
702,675,Zachary Roads,3912
703,676,Kimberly Lakes,3127
704,677,Denise Island,1977
705,678,Helen Bridge,4242
706,679,Ronnie Corners,4260
707,656,Danielle Drives,1817
708,680,Brittany Lock,1916
709,681,Moss Canyon,1159
710,682,Garcia Union,4239
711,683,Kyle Points,3211
712,684,Brittany Walks,284
713,397,Cody Stravenue,1182
714,685,Griffin Unions,2760
715,686,Jessica Isle,2495
716,687,Andrea Rapid,1878
717,95,Jessica Ville,474
718,688,Wright Roads,2592
719,689,Trujillo Rapids,2278
720,79,April Square,1580
721,690,Fernandez Islands,3167
722,691,Welch Knoll,1034
723,692,Robert Pines,558
724,693,Melissa Mews,321
725,694,Javier Points,2099
726,695,Vincent Port,4847
727,696,Jean Street,2655
728,697,Bradley Wall,4957
729,698,James Turnpike,3313
730,699,Gallegos Flat,450
731,700,Jennifer Locks,1333
732,701,Teresa Grove,1777
733,702,Kyle Fork,471
734,703,Carter Spring,4319
735,348,Adams Fall,2958
736,704,Alexandra Underpass,1489
737,274,Christopher Park,4570
738,372,Navarro Cliffs,4078
739,80,Daniel Cape,4797
740,705,Edwards Street,578
741,706,Melissa Neck,3344
742,707,Marcus Heights,2550
743,708,Myers Unions,1398
744,709,Jacqueline Manor,1295
745,438,Vance Ridge,2586
746,710,Kayla Glens,4431
747,711,Stacy Well,4259
748,712,Reed Squares,2096
749,713,Lamb Terrace,3850
750,714,Tamara Island,670
751,715,Sarah Terrace,3352
752,716,Julie Key,121
753,717,Santiago Locks,3248
754,718,Cindy Terrace,708
755,143,Marvin Ferry,2200
756,56,Mark Crescent,94
757,719,Simmons Club,3287
758,720,Andre Meadows,1980
759,721,Conner Cliff,81
760,722,Hernandez Path,160
761,723,Johnson Junction,2540
762,724,Cain Junctions,260
763,725,Tyler Stream,3833
764,726,Karen Lodge,1378
765,727,Patel Wall,4650
766,728,Melissa Harbor,2426
767,729,Noah Green,111
768,730,Stevens Route,3442
769,731,Price Passage,4402
770,732,April Island,4125
771,733,Kirk Crest,1597
772,734,Williams Mount,4661
773,735,Michael Viaduct,2225
774,736,Washington Forge,3473
775,737,Gabriel Track,2261
776,738,Kathryn Courts,4153
777,739,Estes Oval,3763
778,740,Mark Summit,1549
779,741,Jordan Curve,1983
780,742,Dustin Forge,355
781,743,Welch Walks,3169
782,744,Doris Isle,1780
783,745,Chandler Mill,582
784,746,Kimberly Manors,1636
785,747,Stephanie Squares,4965
786,748,Brown Prairie,2710
787,749,Pace Row,2426
788,89,Richardson Pine,319
789,750,Palmer Court,1301
790,751,Tucker Keys,494
791,83,Casey Inlet,760
792,752,Andre Rue,2621
793,753,Huff River,3154
794,754,Amy Stravenue,4637
795,755,Patton Plains,3338
796,756,Stewart Vista,591
797,757,Campbell Common,2813
798,758,White Extension,1201
799,160,Jensen Landing,2646
800,759,Wilson Summit,4394
801,760,Molly Parks,675
802,761,Melanie Trace,680
803,762,Malik Fields,3220
804,763,David Burgs,2936
805,764,Ryan Lake,471
806,765,John Track,1613
807,766,James Centers,4445
808,767,Young Plaza,2184
809,768,Williams Meadows,3322
810,769,Welch Road,24
811,770,Mcgee Bridge,2343
812,771,Ashley Pines,1093
813,772,Alexander Mills,119
814,773,Weaver Forest,2386
815,774,Katherine Lake,307
816,775,Kevin Land,2466
817,776,Rodriguez Bridge,284
818,777,King Square,1595
819,778,Abbott Light,4417
820,779,Anderson Prairie,4147
821,780,Henson Junctions,36
822,781,Davis Route,1327
823,782,Hector Dam,3053
824,783,Robinson Drive,1464
825,784,Denise Keys,1424
826,785,Jennifer Place,724
827,786,Sharon Square,266
828,787,Richard Groves,2804
829,788,Stevenson Island,4135
830,789,Ayala Glen,440
831,790,Abigail Parks,4830
832,791,Martinez Keys,4936
833,792,Rebekah Station,2931
834,793,Paula Light,4482
835,794,Walters Alley,2098
836,795,Cross Mountains,602
837,796,Mary View,4399
838,797,Sherman Stravenue,4849
839,798,Mark Shore,634
840,799,Glass Stravenue,4952
841,800,David Avenue,297
842,441,Collins Ville,1856
843,801,Griffin Branch,4929
844,802,Holly Hills,1159
845,274,Massey Turnpike,2798
846,803,Webb Parkway,4188
847,804,Beverly Ranch,3304
848,805,Wanda Locks,4981
849,806,Desiree Stravenue,4246
850,807,Frazier Place,286
851,808,Gray Street,2133
852,809,Ayala Common,730
853,810,Emily Viaduct,2814
854,811,Bowers Inlet,3426
855,812,Patricia Locks,2020
856,813,Crawford Loaf,1247
857,814,Medina Parks,2480
858,815,Cassandra Branch,871
859,816,Amy Causeway,1981
860,817,Brown Extension,1718
861,818,Hart Valley,2490
862,817,Michael Gardens,3105
863,819,Randy Lakes,2385
864,820,Patrick Forges,2079
865,821,Lauren Crossroad,1360
866,822,Cory Street,1992
867,823,Martinez Glens,4281
868,824,Sandra Park,257
869,825,Lawrence Prairie,448
870,826,Kim Plains,1034
871,827,Jones Vista,2754
872,828,Nancy Corners,3322
873,829,Powell Mission,380
874,830,Smith Key,2418
875,831,Lisa View,2511
876,832,Bowers Points,1497
877,833,Rodney Ville,2539
878,419,Mendoza Canyon,198
879,69,John Radial,3182
880,834,Gonzalez Rest,2459
881,835,Brown Way,421
882,836,Reed Turnpike,3764
883,43,Pearson Harbors,548
884,837,Valerie Ways,3844
885,838,Macdonald Crest,2324
886,302,Patrick Corners,1670
887,839,Weaver Station,1747
888,840,Nichols Orchard,2865
889,841,Day Orchard,3308
890,842,Earl Shoals,4912
891,843,Thompson Throughway,1815
892,844,Andrea Mount,831
893,845,Warren Pine,3535
894,846,Leonard Cape,3636
895,847,Shelton Circles,3164
896,848,Tammy Way,2486
897,849,Julie Wall,2903
898,850,Cooper Station,2171
899,697,Emily Terrace,4644
900,851,Mills Fort,2954
901,852,Christopher Meadow,4446
902,853,Jenkins Walks,4823
903,187,Monte Ne,3412
904,854,Susan Inlet,960
905,855,Pineda Village,3895
906,856,Douglas Locks,2880
907,857,Jake Ways,340
908,858,Soto Lodge,1751
909,859,Savage Springs,2352
910,860,Jerome Curve,2965
911,861,Watson Burg,352
912,862,Justin Vista,1045
913,863,Turner Fords,1451
914,864,Lam Tunnel,1832
915,865,Barnes Vista,128
916,866,Joseph View,2580
917,867,Wilson Motorway,2671
918,868,Bridget Union,779
919,869,Turner Common,898
920,870,Mcbride Rest,4341
921,871,Evans Haven,4274
922,872,Daniel Freeway,629
923,873,Jennifer Park,762
924,874,Sandra Brook,1141
925,875,Bates Islands,1484
926,876,Jesse Mill,3206
927,230,Blankenship Mission,3716
928,877,Ware Crest,4665
929,878,Martin Estates,3601
930,879,John Glen,3243
931,880,Nichols Expressway,3564
932,881,Bethany Locks,1771
933,882,Alicia Parkways,4414
934,883,Taylor Mountains,976
935,884,Dawn Greens,1160
936,885,Nancy Plains,1972
937,886,Kyle Mills,3071
938,24,Angela Meadow,3734
939,887,Dakota Dale,1341
940,888,Todd Lakes,340
941,889,Patricia Rue,3065
942,890,Harris Oval,3976
943,891,Catherine Court,1501
944,892,Adams Hollow,2275
945,64,Lori Lodge,3560
946,893,Brooks Points,1535
947,894,Michael Greens,1601
948,895,Veronica Lights,4501
949,896,Ryan Trail,42
950,897,Cole Valley,2005
951,898,Tracy Common,4686
952,899,Pacheco Mews,3613
953,900,Smith Shoals,4733
954,901,Garza Bridge,3475
955,80,Landry Wall,4244
956,902,Alyssa Junction,2552
957,903,Hatfield Street,1722
958,904,James Drives,675
959,905,Barton Courts,3597
960,906,Troy Spurs,462
961,907,Lopez Dale,4871
962,908,James Motorway,2053
963,909,Sandra Roads,3905
964,910,Randall Crescent,3507
965,911,Foster Islands,2702
966,912,Candice Estates,163
967,913,Margaret Shoal,2347
968,914,Garrison Forks,1128
969,915,Brandon Parks,4710
970,916,Mendoza Row,2265
971,917,Scott Alley,571
972,918,Bullock Harbor,3925
973,919,Jimmy Wall,716
974,920,King Field,2235
975,484,Yates Shoals,1491
976,921,Mary Run,189
977,922,Mann Drives,1867
978,923,Raymond Common,4610
979,924,Jose Summit,1435
980,925,Stephens Ford,3675
981,926,Newman Ports,2126
982,927,Zavala Ranch,545
983,928,Le Lodge,4475
984,929,Navarro Fort,2467
985,930,Daniel Brook,3975
986,931,King Stravenue,1341
987,932,Jeremy Island,514
988,933,Aguilar Trail,4280
989,111,East Shelby,3811
990,934,Mitchell Shoals,4844
991,935,Velazquez Plaza,1219
992,936,Ann Brook,335
993,937,Adam Canyon,3727
994,938,Juan Shoal,2541
995,939,Fields Unions,498
996,940,Andrea Meadow,799
997,202,Garner Dam,1289
998,941,Terrell Knoll,4512
999,22,Hopkins Highway,1411
1000,4,Marquette,510
1001,942,Payne Drives,1785
1002,943,Pratt Park,384
1003,944,Johnson Motorway,545
