rut,nombre,edad,genero
12604087-K,Jeffrey Stevens,null,null
17382262-K,Jared Thompson,null,null
7746374-0,Megan Martin,null,null
17743455-K,Shannon Madden,null,null
17517589-0,Teresa Walker,null,null
7843708-K,Elizabeth Schmidt,null,null
7321566-K,Patricia Wilson,null,null
18871977-0,Amber Harrison,null,null
15691590-K,Crystal Sexton,null,null
9423308-K,Abigail Bartlett MD,null,null
5046754-0,Brenda Watson,null,null
19912581-0,Scott Faulkner,null,null
5195225-K,Robert Bennett,null,null
17692463-K,Susan Hernandez,null,null
9081376-K,Billy Black,null,null
7773915-K,Nichole Hartman,null,null
18490509-K,Donna Evans,null,null
15962388-0,Debra Perez,null,null
18317431-0,Susan Walker,null,null
14661398-0,Steven Hawkins MD,null,null
15499690-0,Mariah Bradley,null,null
17923663-0,Steven Davenport,null,null
20754414-0,Jason Bartlett,null,null
12678032-0,Anna Henderson,null,null
10415476-0,Tammy Bailey,null,null
19850910-0,Susan Roach,null,null
9022668-0,Kevin Jacobs,null,null
8079950-K,Tiffany Haas,null,null
17267970-0,Emily Fernandez,null,null
13086109-0,Brett Morris,null,null
6191844-K,Paul Washington,null,null
9779187-K,Heidi Norris,null,null
10947647-0,Susan Cunningham,null,null
15424151-0,Christopher Calderon,null,null
17753089-K,Justin Moore,null,null
12356368-0,Cameron Johnson,null,null
12419000-0,Brian Mcneil,null,null
19107096-K,Melinda Brown,null,null
5314073-0,Charles Brown,null,null
15023559-K,Michael Cooper II,null,null
8641177-K,Tina Diaz,null,null
6095449-K,Molly Fernandez,null,null
10905542-0,Jerome Harris,null,null
7921733-K,Michelle Davis,null,null
15540026-0,Leah Poole,null,null
17597988-0,Robert Kramer,null,null
17194850-K,Jacob Hunt,null,null
6090010-0,Tyler Beasley,null,null
8063286-K,Ryan Griffin,null,null
5164984-0,Pamela Camacho,null,null
5800430-0,Mark Ingram,null,null
7997474-0,Robert Burch,null,null
11398263-0,Daniel Wells,null,null
20383479-0,Brittany Nelson,null,null
19878800-K,Maria Smith,null,null
5647480-K,Richard Jackson,null,null
11862360-K,Alexis Murray DVM,null,null
17086384-K,Samantha Lowe,null,null
8363041-K,Yvette Schaefer,null,null
6631899-0,Carl Lopez,null,null
9728670-0,William Lowery,null,null
17013879-0,Devin Johnson,null,null
13928491-0,Nicholas Li,null,null
10767253-0,Allen Dawson,null,null
19970761-0,Jennifer Wood,null,null
15097779-0,Matthew Richardson,null,null
15083224-0,Joshua Dawson,null,null
17819538-K,Amber Hall,null,null
19487349-0,Thomas Manning,null,null
10155765-K,Ariel Galloway,null,null
7550080-K,Kevin Watson,null,null
14170375-K,Larry Cooper,null,null
9155908-K,Amanda Jones,null,null
20923887-0,Alexander Jackson,null,null
16020707-K,Charles Case,null,null
18258782-K,Jose Salinas,null,null
6657923-K,James Williams,null,null
11748631-0,Jennifer Stone,null,null
12130534-K,Nancy Wood,null,null
9648550-K,Rachel Campos,null,null
10026086-K,Matthew Lawson,null,null
13856677-K,Scott Johnson,null,null
10627888-0,Megan Potter,null,null
17488036-0,Steven Copeland,null,null
9633003-0,Penny Cherry,null,null
20947654-K,Jeffrey Nelson,null,null
13718375-0,Matthew Johnson,null,null
11384022-0,Andrew Cain,null,null
20565919-K,Aaron Shaw,null,null
10757193-0,Kenneth Shah,null,null
20858434-0,Robert Morris,null,null
18349945-0,Michele Curtis,null,null
14177562-0,Ellen Green,null,null
9369930-0,Jeremy Anderson,null,null
20401432-K,Michael Day,null,null
15556896-K,Kevin Jones,null,null
16096198-K,Daniel Riggs Jr.,null,null
12771665-0,Jill Hernandez,null,null
14506682-K,Jasmine Gibson,null,null
9212589-0,Joel Nguyen,null,null
20708986-K,Brian Hunt,null,null
20635127-K,John Moore,null,null
6256626-K,April Cox,null,null
14679626-K,Matthew Johnson,null,null
13913935-K,Phillip Mendoza,null,null
11289875-K,Noah Barton,null,null
13970501-K,David Rivera,null,null
13155773-0,Stephanie Frazier,null,null
6581420-K,Maria Mitchell,null,null
5804911-K,Tracey Austin,null,null
11574169-0,Robert Goodwin,null,null
10394742-0,Kevin Weaver,null,null
6173057-0,George Perez,null,null
19076703-K,Michael Sanders,null,null
19856639-K,Katherine Morrison,null,null
20500783-0,Jill Jones,null,null
10347723-0,Jesse Abbott,null,null
15675946-K,Cheryl Mejia,null,null
9310549-K,Robert Richardson,null,null
15965543-K,Megan Thomas,null,null
18625715-0,Jill Wilson,null,null
6210344-0,Rebecca Johnston,null,null
14227684-K,Stephanie Andrews,null,null
13532177-0,Marcia Lloyd,null,null
5403050-K,Donald Quinn,null,null
11359675-K,Catherine Parker,null,null
19893986-K,Cheryl Wilcox,null,null
8199021-0,Linda Duarte,null,null
5943796-K,Mark Larson,null,null
8035312-K,Felicia Mason,null,null
19927223-0,Marissa Gordon,null,null
8494814-K,Douglas Miller,null,null
11318708-K,Caitlyn Lane,null,null
13074280-0,Brian Evans,null,null
5311419-K,Crystal Johnson,null,null
15036338-0,Jason Gutierrez,null,null
17916646-K,Jerry Morris,null,null
19373768-0,David Miller,null,null
16610100-0,Marie Lawson,null,null
12417945-K,Jessica Robinson,null,null
18066786-K,Paul Bailey,null,null
9804726-K,Patrick Brown,null,null
6953914-0,Robert Mitchell,null,null
18845050-K,Diana Davis,null,null
16690550-0,Nicole Davis,null,null
7483594-K,Amanda Johnson,null,null
12820756-K,Anita Arnold,null,null
17482821-0,Peter Roberts,null,null
11686936-0,Brittany Shelton,null,null
17564247-0,Brenda Daniels,null,null
7917353-0,Charles King,null,null
20087284-K,Jason Robinson,null,null
16776200-0,Michelle Oconnell,null,null
20511020-K,Jennifer Weber MD,null,null
10709988-0,Carrie Douglas,null,null
17122133-K,Ana Wilson,null,null
7298570-K,Christopher Mcintyre,null,null
15430016-0,Jose Tucker,null,null
7339319-K,Joy Pennington,null,null
13198046-K,Kyle Peters,null,null
16938860-K,Amber Wilson,null,null
17863033-0,Christopher Sims,null,null
9042319-0,Nicole Arnold,null,null
20848738-K,Gregory Schaefer,null,null
20878564-0,Joseph Willis,null,null
14423182-K,David Duncan,null,null
13039487-K,Gregory Thomas,null,null
20809660-K,James Freeman,null,null
18327588-0,Daniel Johnson,null,null
10385081-K,Stephanie Johnson,null,null
16938301-0,Nicole Baker,null,null
13824620-K,Ashley Gutierrez,null,null
20445859-K,Devin Murray,null,null
5543734-0,Susan Kaiser,null,null
7273776-K,Samantha Perez,null,null
7720151-0,Randy Massey,null,null
5669139-K,Christina Cunningham,null,null
20986753-0,Tammy Stokes,null,null
11889582-0,Amanda Owens,null,null
14495041-K,Alicia Sharp,null,null
18139599-0,Kathleen Perez,null,null
16978048-0,Tammy White,null,null
18897077-0,Christy Green,null,null
12966917-K,Anthony Hill,null,null
12477090-0,Isabel Nguyen,null,null
19912091-K,David Taylor,null,null
16449830-0,Larry Johnson,null,null
5101433-K,Kiara Roman,null,null
8892931-0,Jonathan Miller,null,null
16073402-0,Linda Boyle,null,null
11876093-0,David Mckinney,null,null
9314089-K,Dwayne Turner,null,null
20280064-0,Derek Pruitt,null,null
20492898-0,Steven Combs,null,null
9062065-0,Jonathan Powell,null,null
11353768-0,Scott Stuart,null,null
6667706-K,Matthew Jones,null,null
20145012-K,Katherine Murillo MD,null,null
8571724-0,Ashley Wood,null,null
6818031-0,Rhonda Stevenson,null,null
7584497-K,Kimberly Heath,null,null
11842722-0,Natasha Richardson,null,null
20917233-0,Justin Cochran,null,null
11367045-K,Wendy Davis,null,null
13792617-0,Alexandra Casey,null,null
12327422-0,Ana Lucas,null,null
5396413-0,Jessica Miles,null,null
16382732-0,Robert Kramer,null,null
17897542-0,Kevin Chavez,null,null
13164996-0,Jamie Parker,null,null
10333744-0,Patrick Pham,null,null
10647108-0,Krista Martinez,null,null
9327576-K,Mindy Hunt,null,null
8505507-K,Kayla Morse,null,null
7046136-K,Jordan Medina,null,null
6045327-0,Bridget Smith,null,null
15650188-K,Victor Cunningham,null,null
16911033-K,Brianna Frey,null,null
15634752-0,Darryl Robinson MD,null,null
11939281-0,Christie Farmer,null,null
10147497-0,George Stevens,null,null
17103059-0,Bobby Gardner,null,null
12479773-K,Darlene Arnold,null,null
9990652-K,Eric Douglas,null,null
6556729-0,Erin Briggs,null,null
18217075-K,Brian Dillon,null,null
6683542-0,Lisa Nicholson,null,null
18417493-K,Bryan Miller,null,null
16339467-K,Shannon Roberts,null,null
13565849-0,Mary Le,null,null
12988310-K,Kathleen Keller,null,null
10918602-0,Amber Johnson,null,null
6230340-0,David Young,null,null
16098950-0,Rita Rodriguez,null,null
20897588-K,Robert Cox,null,null
5671492-0,Jasmin Cummings,null,null
18616553-K,Michelle Duarte,null,null
15737271-K,Joseph Hill,null,null
18449445-0,Kurt Anderson,null,null
10744577-K,Makayla Richard,null,null
14472975-K,Ronald Abbott,null,null
18021254-K,Kristen Tran,null,null
10131098-K,Joshua Gomez,null,null
13159931-K,Lisa Lewis,null,null
17962399-0,Denise Hensley,null,null
8075893-K,Shawn Miller,null,null
13245017-K,Tyler Rasmussen,null,null
9275288-K,Angela Hernandez,null,null
20978675-K,Corey Wilson,null,null
13383450-K,Deborah Miranda,null,null
16088394-K,Benjamin King,null,null
13061981-K,Wendy Nichols,null,null
6662108-K,Melissa Wolfe,null,null
17672927-K,Betty Wright,null,null
19628775-0,James Baird,null,null
20891972-K,Susan Myers,null,null
9994256-0,George Ellis,null,null
16091601-0,Amanda Wilkinson,null,null
13986778-K,Kristin Smith,null,null
16053247-K,Terry Young,null,null
8754627-K,Victor Preston,null,null
18564245-0,Karen Johnson,null,null
5783979-K,Heather Williams,null,null
16365165-K,Jeffrey Rivera,null,null
6440894-K,Eric Novak,null,null
14129199-K,Susan Davis,null,null
10115553-K,Donald Bowers,null,null
14076664-0,Michelle Nelson,null,null
12039086-0,Dr. Maria Chavez,null,null
10096513-K,Bobby Shea MD,null,null
19153611-K,David Miller,null,null
9873602-K,Victor Brown,null,null
5691727-0,Barbara Walker,null,null
10269361-K,Melissa Trevino,null,null
12936103-0,Kristina Tucker,null,null
14143237-K,Darryl Jones,null,null
18419024-K,Ruben Jackson,null,null
20152110-K,Christopher Mcpherson,null,null
14473392-0,Alyssa Castillo,null,null
12240956-0,Kevin Hall,null,null
16022460-0,Margaret Harris,null,null
9329075-K,Anthony Sullivan,null,null
20110765-0,Billy Flores,null,null
5755565-0,Stephen Sanchez,null,null
12160108-0,Richard Nguyen,null,null
5387543-K,Connie Harrison,null,null
5029957-K,Edward Nguyen,null,null
6613894-0,Susan Gregory,null,null
14284932-K,Wendy Greer,null,null
19607124-K,Luis Warren,null,null
16253599-K,Dave Bell,null,null
11436632-0,Raymond Lewis,null,null
8581755-0,Timothy Lee,null,null
16352416-0,Lisa Soto,null,null
16170887-K,Casey Garcia,null,null
15719534-0,Jacob Hanson,null,null
9552175-K,Shirley Mcgrath,null,null
5145696-0,Andrea Jackson,null,null
15037408-0,Lisa Ellis,null,null
9138201-0,Dr. Alec White,null,null
11512786-K,Lori Frye,null,null
8495074-0,Christopher Kaufman,null,null
18139251-K,Regina Burke,null,null
12391213-K,Becky Love,null,null
19384612-K,Michael Crosby,null,null
8128742-K,Antonio Lee,null,null
19991284-0,Cody Wade,null,null
6964759-0,Janet Mcdonald,null,null
12629673-K,Rebecca Moreno,null,null
9538179-K,Shane Taylor,null,null
9301645-0,Mr. Brian Owens MD,null,null
18351899-K,Kristina Munoz,null,null
11077805-K,Andres Hawkins,null,null
6684973-K,Jerome Anderson,null,null
9201244-K,Brianna Moon,null,null
15413202-0,Marc Collins,null,null
6599890-0,Lindsey Garcia,null,null
8726272-K,Kelly Hill,null,null
13015785-K,Michael Torres,null,null
14268669-0,Jerome Jones,null,null
7661853-K,Thomas Hopkins,null,null
16146841-K,Dr. Jordan Alvarez,null,null
6085740-K,Stephanie Brown,null,null
6868158-0,Eric Martinez,null,null
8170360-0,Leah Dalton,null,null
16589461-K,Meredith Thompson,null,null
14195100-K,Linda Davis,null,null
13819304-0,Jeremiah Reed MD,null,null
16094727-0,Anthony Rios,null,null
8771068-0,Caroline Daniels,null,null
19199334-K,Amy Mitchell,null,null
6180311-0,Ana Rivera,null,null
5644624-K,Kimberly Morales,null,null
5582699-K,Crystal Wood,null,null
16984579-K,Amy Johnson,null,null
20929541-0,Christopher Smith,null,null
5854211-0,Jamie Gamble,null,null
14350127-0,Jeffrey Humphrey,null,null
14314766-0,Debra Green,null,null
19796395-K,Anthony Carlson,null,null
12922487-0,Heidi Lynn,null,null
16278304-0,Miss Tina Williams,null,null
8593379-K,Kevin Suarez,null,null
10480523-0,William Snyder,null,null
19235291-0,Bobby Coleman,null,null
10560971-0,Amanda Torres,null,null
10113234-K,William Thomas,null,null
13143674-0,Kathryn Barber,null,null
17663639-0,Dana Davis,null,null
16934117-K,Austin Watson,null,null
10951212-0,Curtis Walker,null,null
6225725-K,Brittany Perez,null,null
12591592-0,Kevin Baxter,null,null
8685389-0,Abigail Merritt,null,null
5693347-K,Joshua Smith,null,null
9291805-K,Steven Jackson,null,null
16665546-0,Tammy Mcdonald,null,null
10980903-0,Matthew Wallace,null,null
13022151-K,Nicholas Martin,null,null
18046608-K,Mary Ali,null,null
12822824-0,Stephanie Taylor,null,null
6277898-0,Deborah Choi,null,null
13016210-K,Jessica Brown,null,null
19826184-K,Emily Smith,null,null
7931918-0,Keith Carlson,null,null
18392698-0,Alyssa English,null,null
15809928-K,Christopher Richmond,null,null
11325277-K,Valerie Stevenson,null,null
19667440-0,Jennifer Thompson,null,null
8650552-0,Sarah Glover,null,null
18062896-K,Beverly Phillips,null,null
9491029-0,Luis Jordan,null,null
16060530-0,Carol Bradford,null,null
10876096-K,Danielle Russell,null,null
5642002-0,Andrew Bradshaw,null,null
11527022-K,Crystal Rivera,null,null
16692328-0,Matthew Lopez,null,null
16453827-K,Edwin Bell,null,null
17975552-0,Monica Smith,null,null
7172456-K,Dean Ford,null,null
6961482-0,Lisa Hoffman,null,null
20324222-K,Jason Mccullough,null,null
9721269-K,Cathy Chambers,null,null
16720636-0,Scott Rogers,null,null
14790604-0,Andrew Johnson,null,null
9627234-K,Matthew Rodriguez,null,null
20486106-K,Jessica Cox,null,null
14534171-K,Debra Garcia,null,null
16673945-0,Gary Braun,null,null
7680598-K,Teresa Casey,null,null
20279498-0,Paul Lyons,null,null
14830112-K,Brandon Welch,null,null
5926947-K,Christopher Lee,null,null
10235463-0,Jennifer Rodriguez,null,null
8306730-K,Becky Richardson,null,null
8245498-0,Jacob Ray,null,null
7931143-K,Brian Espinoza,null,null
12201063-0,Olivia Perry,null,null
19800518-K,Jennifer Edwards,null,null
5447011-K,Emma Gonzalez,null,null
11976121-0,Wayne Rodriguez,null,null
20592600-K,Ryan Smith,null,null
5578151-0,Brenda Thompson,null,null
6041851-K,Reginald Hooper,null,null
8857271-0,Hannah Riley,null,null
8751828-K,Carl Garcia,null,null
17517818-K,Thomas Moreno,null,null
6756496-0,Katie Vasquez,null,null
10468496-K,Samantha Davis,null,null
7164981-K,Jason Adams,null,null
10753666-K,Robert Williams,null,null
9696240-K,Diana Carey,null,null
9260399-0,Robert Kelly,null,null
15719865-0,Helen Mcknight,null,null
18480065-0,Mitchell Murphy,null,null
5444888-K,Stephanie Walter,null,null
20131614-0,Amanda Browning,null,null
12846529-0,Amy Bolton,null,null
11635104-K,Raymond Gilbert,null,null
12502346-0,Garrett King,null,null
18741075-0,Vanessa Jackson,null,null
11345331-K,Brandon Chavez,null,null
19262211-K,Victoria Burgess,null,null
18456479-0,Holly Sanchez,null,null
12402979-0,Anthony Johnson,null,null
12116959-0,Tammy Reed,null,null
16795138-0,Steven Christensen,null,null
12260944-K,Casey Strong,null,null
17816788-0,Kyle Fox,null,null
8583709-K,Victor Morales,null,null
5897252-K,Xavier Petty,null,null
9712545-0,Angela Owens,null,null
20384893-K,Michael Bullock,null,null
11960852-0,Patrick Li,null,null
17192649-0,Jerry Allison,null,null
19116128-K,Lisa Smith,null,null
9791312-K,Danielle Pope,null,null
18144373-K,John Cooper,null,null
6603243-K,Matthew Tucker,null,null
12154371-K,Emily Reed,null,null
17455042-0,Stephanie Jordan,null,null
9637956-K,Cassidy Dudley,null,null
7158194-K,Gabriel Santos,null,null
14455342-K,Mark Torres,null,null
20382509-0,Chelsey Petty,null,null
14815038-0,Daniel Harris,null,null
6015326-K,Alex Hunt,null,null
7058280-0,Caitlin Gray,null,null
6419941-K,Ann Obrien,null,null
7086939-0,Suzanne Armstrong,null,null
15677548-0,Colleen Reyes,null,null
9423004-K,Jeremy Armstrong,null,null
5954206-0,Jacob Parks,null,null
9964472-0,Samantha Turner,null,null
6516695-0,Monica Thompson,null,null
11503467-K,Diana Kim,null,null
6382831-K,David Howell,null,null
6919119-K,Jesse Mullen,null,null
13938250-K,Joanna Huber,null,null
12903158-0,Adrienne Sullivan,null,null
9369103-K,Elizabeth Stephens,null,null
11275937-K,Jessica Dickson,null,null
15549206-K,Timothy White,null,null
16055836-0,James Skinner,null,null
12979023-0,Nathan Powell,null,null
14719328-0,Isabel Wright,null,null
18320490-K,Mark Wilkinson,null,null
18155627-0,Marcus Williams,null,null
18890099-0,Eric Ayers,null,null
19788664-0,Nancy Watson,null,null
17585169-K,Robin Evans,null,null
19771464-0,Mrs. Jessica Ramos,null,null
16784257-0,Angela White,null,null
9995785-0,Crystal Rivera,null,null
18812927-0,Kristen Ward,null,null
5951201-0,Daniel Becker,null,null
11398512-0,Christopher Nielsen,null,null
20112615-K,Kristen Reeves,null,null
18724973-0,Sara Dean,null,null
10802766-0,William Malone,null,null
15595287-K,Leslie Davis,null,null
16573402-K,Desiree Chapman,null,null
18190387-K,William Klein,null,null
6470629-0,Michelle Tyler,null,null
12338885-0,Nicole Rojas,null,null
14716006-0,Kenneth Steele,null,null
10867219-0,Darlene Preston,null,null
10375147-K,Erin Tran,null,null
5974048-0,Allison Reid,null,null
12569883-0,Tyler Johnson,null,null
17841386-K,Ryan Rios,null,null
15621674-0,Christine Hill,null,null
18766384-0,Tyler Ramirez,null,null
7110249-0,Barbara Allen,null,null
8386513-0,Heather Williams,null,null
14190260-K,Ricky Zavala,null,null
10587641-K,Kristi Drake,null,null
16519074-K,David Jacobson,null,null
5505453-K,John Miller,null,null
14252087-K,Jorge Ellis,null,null
14711640-0,Adam Jones,null,null
7680319-K,Jeffrey Smith,null,null
15579192-K,George Keller,null,null
18602207-K,Gina Khan,null,null
16950439-K,Jordan Cole,null,null
15811844-K,Kurt Jackson,null,null
5141975-0,Catherine Brown,null,null
18009833-0,Jack Bates,null,null
15720026-K,Kimberly Dawson DVM,null,null
17953250-0,Kevin Young,null,null
12105064-0,Michael Flowers,null,null
11840956-0,Amy King,null,null
11989190-K,Jamie Davis,null,null
5077998-0,Katherine Marsh DVM,null,null
11659141-0,Megan Webster,null,null
14043620-K,Elizabeth Dunn,null,null
17700936-K,Alfred Chaney,null,null
9552996-0,Jeremiah Li,null,null
19109367-0,Denise Cole,null,null
17122874-K,Alan Miller,null,null
18608327-0,Samuel Alvarez,null,null
11384407-K,Karen Thomas,null,null
5554941-0,Marie Frederick,null,null
20201123-K,Jesse Gay,null,null
19096012-0,Stephanie Meyer,null,null
12496322-K,Gregory Gonzalez,null,null
13153871-K,Amanda Lawrence,null,null
14038353-0,Robert Young,null,null
9308029-0,Cynthia Fox,null,null
12561343-0,Diane Wong,null,null
9317845-0,Beverly Gonzales,null,null
7683267-K,Amber Cruz,null,null
18784912-K,Kayla Sutton,null,null
9424093-0,Victor Lee,null,null
8893671-0,Carol Martinez MD,null,null
12828659-0,Erik Jones,null,null
8986653-0,Jessica George,null,null
13504328-K,Jesse Roberts,null,null
17511453-0,Joseph Maldonado,null,null
9019650-K,Brian Mcintyre,null,null
8618204-0,Gwendolyn Smith,null,null
17361826-K,Jerry Mosley,null,null
14804815-0,Jason Downs,null,null
19342869-K,Travis Christian,null,null
14211130-0,Nancy Smith,null,null
14441673-0,Wendy Anderson,null,null
20084726-0,Stacy Davis,null,null
17289405-K,Justin Miles,null,null
5621715-K,Daniel White,null,null
10746768-K,Allison Kennedy,null,null
16094648-0,Kristina Zamora,null,null
14421291-0,Cassandra Moon,null,null
14869985-0,Cameron Dawson,null,null
14129569-K,Ronald Gibson,null,null
13420958-0,Ian Gibson,null,null
18644262-0,Dustin Wilson,null,null
8220891-K,Steven Allen,null,null
5823745-0,Cindy Turner,null,null
7343544-K,Chloe Stokes,null,null
17855835-0,Kelly Henderson,null,null
7885851-K,David Andrews,null,null
18454523-0,Christian Green,null,null
16863581-K,Kathleen Gonzalez,null,null
7073044-0,Lisa Esparza,null,null
7346347-0,Brandi Silva,null,null
9037382-K,Natalie Harris,null,null
6379881-0,Dominic Burnett,null,null
13212078-K,Justin Hudson,null,null
20236806-0,Brian Weber,null,null
7740063-0,Daryl Thompson,null,null
16126643-0,Caitlin Harris,null,null
14814039-K,Dr. Troy Morris MD,null,null
9300134-0,Carly Gutierrez,null,null
15599790-0,John Williams,null,null
7627715-K,Jessica Young,null,null
10535551-0,Michelle Flores,null,null
20878293-0,David Edwards,null,null
17466453-K,Vanessa Golden,null,null
13921757-0,Dustin Kelly,null,null
9658123-K,Victor Harris,null,null
9042757-K,Morgan Smith,null,null
14260346-0,Kristi Levine,null,null
15890739-0,Paul Rose,null,null
5729384-0,John Rivera,null,null
7221061-0,Jacqueline Bryant,null,null
17950974-K,Christopher Riggs,null,null
11137232-K,Christopher Brown,null,null
6973708-K,Kirsten Floyd,null,null
17951451-K,Marie Smith,null,null
10460130-0,Kristopher Ingram,null,null
15329749-K,Gregory Clements,null,null
18227695-K,Sean Johnson,null,null
18373655-0,Scott Valencia,null,null
19407336-0,Steven Gonzales,null,null
10954601-0,Bobby Adams,null,null
5342997-0,Kimberly Klein,null,null
8966649-0,Matthew Khan,null,null
8949639-0,Bradley King,null,null
8380798-0,Samuel Jacobs,null,null
17991106-0,Christina Buckley,null,null
9057860-K,Christopher Thompson,null,null
5978538-0,Mary Chandler,null,null
11030040-K,Monica White,null,null
16313085-K,Sherri Riley,null,null
9885122-K,Patrick Johnson,null,null
8642591-K,Mariah Neal,null,null
17707280-K,Dawn Johnson,null,null
5559307-K,Stephanie Baldwin,null,null
9433958-0,Connor Benton,null,null
15572624-K,Dr. Omar Warren MD,null,null
15898749-0,Briana White,null,null
18059431-K,Jodi Mendoza,null,null
16040676-K,Julie Bishop,null,null
9488850-K,Ashley Rojas,null,null
11352013-K,Ronald Martinez,null,null
11325006-K,Gina Caldwell,null,null
9721949-K,Donna Moran,null,null
5816055-0,Jacob Meza,null,null
12249462-K,Richard Elliott,null,null
14161507-K,Elizabeth Garcia,null,null
15656527-K,Arthur Wilkins,null,null
14918857-0,Theresa Chavez,null,null
20093295-0,Joshua Miller,null,null
19217207-0,Christian Davis,null,null
16614538-0,Michael Shelton,null,null
19174857-0,Jay Knapp,null,null
20671223-0,Jennifer Young,null,null
15959667-K,Tim Rose,null,null
6257270-0,Haley Edwards,null,null
12746185-0,Brandon White,null,null
6003996-0,Mary Evans,null,null
17294724-K,Nicholas Rodgers,null,null
14739115-0,Ronald Barrett DVM,null,null
19447071-0,Danny Frank,null,null
11590210-0,Raymond Brown,null,null
10148677-0,Brett Huff,null,null
12047739-0,Samantha Gallagher,null,null
8698301-K,Karen Potter,null,null
10051269-K,Christina Bailey,null,null
12694988-0,Michael Burke,null,null
20781508-K,Patrick King,null,null
5560787-0,Brandon Davis,null,null
14710178-0,Daniel Perez,null,null
20392913-K,Megan Chavez,null,null
12767393-0,Robert Hicks,null,null
12821653-K,Edward Charles,null,null
10747239-K,Patricia Gordon,null,null
10180750-0,Daniel Moore,null,null
18145839-K,Tara Bass,null,null
5492210-0,Angela Woodard,null,null
14080989-0,Fred Norman,null,null
16736348-K,Nicole Rocha,null,null
11669665-K,Brian Lee,null,null
19591885-0,Patricia Fry,null,null
20320328-0,Valerie Henderson,null,null
15066257-K,Tanya Smith,null,null
18521969-0,Shannon Taylor,null,null
20995927-0,Crystal Perry,null,null
15777983-K,Brianna Trujillo,null,null
5718635-K,Eugene Harris,null,null
10035392-K,Andrew Alvarez,null,null
20332879-0,Katherine Stafford,null,null
11173476-K,Angela Savage,null,null
9837823-0,Krista Caldwell,null,null
10157316-0,Duane Gilbert,null,null
9731318-0,Jennifer Taylor,null,null
15579548-K,Caitlin Martin,null,null
17386897-K,Anthony Dalton,null,null
10917748-0,Danielle Best,null,null
10940330-K,Peter Obrien,null,null
9502004-K,Elizabeth Lopez,null,null
16874162-0,Russell Ray,null,null
18157479-K,Erica Hansen,null,null
7962115-0,Emily Terrell,null,null
9463729-K,Mrs. Heather Castro,null,null
19308463-0,Tyler Reed,null,null
6973881-0,Emily Farmer,null,null
10540240-K,Troy Wiley,null,null
19406395-0,Theresa Flores,null,null
5770717-K,Ivan Lara,null,null
10573036-0,Heidi Simmons,null,null
18218745-K,Debra Morrison,null,null
19152348-0,James Kent,null,null
16177227-0,Corey Smith,null,null
16655675-K,Mike Johnson,null,null
15661869-0,Jamie Mathis,null,null
16171735-0,William Porter,null,null
16047559-0,Janet Shaw,null,null
14189488-0,Sophia Ellis,null,null
18751566-K,Elizabeth Smith,null,null
14851852-K,Teresa Roy,null,null
10401538-K,Paul Gonzalez,null,null
14322048-0,Annette Ballard,null,null
20651832-K,Juan Logan,null,null
14798245-0,Veronica Newton,null,null
5485906-K,Lisa Martinez,null,null
9615045-0,David Solis,null,null
11281681-K,Allison Mason,null,null
9157331-K,Rebecca Wagner,null,null
6828979-K,Brian Davis,null,null
9096870-0,Brian Payne,null,null
9312681-K,Pamela Bowman,null,null
9253458-K,Fernando White,null,null
13029702-0,Michelle Frank,null,null
19717129-0,Joshua Krause,null,null
19089517-0,Courtney Ford,null,null
13221978-K,Alexis Fox,null,null
10540270-K,Alan Randolph,null,null
8741621-0,Elizabeth Thomas,null,null
7002150-K,Steven Donovan,null,null
9013368-K,Jaime Ramos,null,null
16128000-K,Harry Ramos,null,null
16892469-0,Robin Hale,null,null
20652468-K,Taylor Sanchez,null,null
10090523-0,Amy Wall,null,null
13280391-0,John Hogan,null,null
13930351-0,Samantha Maxwell,null,null
20131061-0,James Hall,null,null
11682802-K,Sherry Merritt,null,null
12670635-K,Victoria Norton,null,null
15661529-0,April Phillips,null,null
17967029-K,Stacey Peterson,null,null
8339908-0,Keith Robertson,null,null
14333205-0,Gregory Jackson,null,null
19184137-0,Karen Brooks,null,null
16282867-K,Melissa Decker,null,null
20301324-K,Colton Stewart,null,null
17915955-0,Alexandra Johnson,null,null
6595036-K,Heather Mercer,null,null
20381980-K,Sara Perkins,null,null
12018947-0,Jennifer Young,null,null
14913903-0,Mr. Richard Whitney,null,null
18889678-K,Chelsea Flowers,null,null
14192995-0,Heather Watkins,null,null
16919713-K,Cheryl Ayala,null,null
18207287-0,Jade Franco,null,null
9141228-0,Joseph Garza,null,null
5642633-K,Nathan Mcmillan,null,null
6657777-K,Scott Allen,null,null
5939631-0,Jeanette Johnson,null,null
19758837-0,James Martinez,null,null
13221702-0,Melissa Burke,null,null
11267368-0,John Gutierrez,null,null
16847175-K,Logan Mason,null,null
15756297-K,Jeff Garcia,null,null
16474827-K,James Wilson,null,null
6610747-K,Natalie Love,null,null
6840389-K,Jennifer Moore,null,null
5395729-0,Dennis Mack,null,null
16263222-0,Andrew Flynn,null,null
6492619-K,Anna Maynard,null,null
8478018-0,Anthony Carter PhD,null,null
12417299-0,Heidi Wallace,null,null
6352272-K,John Smith,null,null
13682166-0,James Parker,null,null
20769424-K,Bradley Flores,null,null
11143947-K,Miss Elizabeth Olson,null,null
17380574-0,Margaret Rasmussen,null,null
20176597-0,Elizabeth Clay,null,null
19638688-K,Christian Henry,null,null
11285035-K,Brittany Hester,null,null
9497325-K,Ryan Castillo,null,null
7104722-0,Kaitlyn Mason,null,null
20874704-0,Linda Campbell,null,null
6312810-0,Leah Perry,null,null
14789559-0,Tonya Morrison,null,null
17435916-K,Kristina Hamilton,null,null
7191838-0,Francis Wilson,null,null
14746039-K,Susan Huerta,null,null
12606455-0,Matthew Miller,null,null
17324234-K,Judith Perkins,null,null
20897646-0,Dr. Abigail Mcknight,null,null
17065375-0,Katherine Pratt,null,null
10872348-K,Ryan Richardson,null,null
18294129-K,Brian Valdez,null,null
5645298-K,Michael Richardson,null,null
16366584-0,Kristina Thomas,null,null
14288104-K,Cathy Davidson,null,null
10377246-K,Carrie Alexander,null,null
20519192-K,Cameron Santos,null,null
17806365-0,Larry Grant,null,null
5581934-K,Sara Burton,null,null
12309104-0,Emily Graham,null,null
20874801-0,Brian Morgan,null,null
5328830-0,John Hansen,null,null
16926142-0,Justin Jimenez,null,null
20084940-0,Kayla Hood,null,null
16521508-0,Michael Hernandez,null,null
8043173-K,Richard Ross,null,null
20892903-0,Gregory Taylor,null,null
6902373-K,Juan Perkins,null,null
13260864-K,Aaron Shaw,null,null
5912169-K,Claire Burns,null,null
12158388-0,Brian White,null,null
15757806-0,Tracy Stephens,null,null
6344512-K,James Hodges,null,null
14523303-0,Gabriel Freeman,null,null
9685116-0,Stephen Benson,null,null
13850640-K,Laura Buchanan,null,null
15793063-0,Daniel Smith,null,null
10280850-K,William Miller,null,null
12516768-0,Kerry Williams,null,null
16835876-0,Claire Brown,null,null
20814022-0,Mary Mullins,null,null
13446338-K,Mary Frank,null,null
9505276-0,Frederick Golden,null,null
12052935-K,Juan Reynolds,null,null
15238864-0,Bradley Barrett,null,null
12484770-K,Taylor Montgomery,null,null
15536558-0,Andre West,null,null
14566369-K,Carolyn Mckenzie,null,null
12296488-K,Roger Jones,null,null
14524038-K,Tina Fisher,null,null
8110243-K,Christopher Elliott,null,null
17206413-0,Justin Roberson,null,null
18865052-0,Robert Anderson,null,null
18383737-K,Christian Reed,null,null
8501504-0,Dr. Breanna Ross,null,null
17416348-0,Christopher Shaffer,null,null
14755340-0,Ruben Collins,null,null
11303460-0,Daniel Wells,null,null
18452030-0,William Melton,null,null
17411463-K,Craig Sullivan,null,null
18825699-K,Melissa Ortega,null,null
20775314-K,Julia Neal,null,null
8514876-0,Tammie Larson,null,null
6207000-0,Lance Ruiz MD,null,null
6989227-K,Donna Sandoval,null,null
11614905-K,Erica Stephens,null,null
19214828-0,Amanda Wilson,null,null
15998322-K,Vicki White,null,null
14104192-K,Kelly Santana,null,null
20735979-0,Kaylee Freeman,null,null
11047139-0,Linda Klein,null,null
20776384-K,Samantha Spencer,null,null
16928805-0,Sharon Simpson,null,null
20987274-K,Michael Watson,null,null
8182591-0,Justin Hall,null,null
20433307-K,Whitney Adkins,null,null
17010112-K,Carly Gomez,null,null
13358190-K,Joel Arias MD,null,null
5115927-K,Michael Combs,null,null
5337546-K,Krista Brock,null,null
19601115-K,April Knight,null,null
11952525-K,Jeffery Cummings,null,null
16648926-0,Brian Hobbs,null,null
6417816-K,Joseph Rosales,null,null
20076281-0,Christian Young,null,null
9438687-0,Lisa Massey,null,null
14517558-K,Alicia Bryant,null,null
18701515-K,Kathryn Lamb,null,null
18261986-0,Steven Mcclain,null,null
20727737-K,Adam Ruiz,null,null
5642741-K,Brian Harris,null,null
13998661-K,James Nguyen,null,null
14314369-K,Curtis Neal,null,null
12205629-0,Emily Price,null,null
5384851-K,Devon Murphy,null,null
11774263-K,Patricia Moses,null,null
7642795-0,John Montes,null,null
7317776-K,Isaiah Rivera,null,null
7777669-K,Brandy Hall,null,null
16950922-0,Joel Parker,null,null
5044404-0,Rebecca Davis,null,null
6276881-0,Eric Jones,null,null
9970804-K,Jennifer Warren,null,null
17662551-K,Marissa Brown,null,null
13604417-0,Robert Roberts,null,null
14423276-0,Connie Morse,null,null
15262886-K,Megan Hopkins,null,null
7560653-K,Riley Owens,null,null
7688549-0,Michael Gaines,null,null
16865566-0,Christina Burns,null,null
20866851-0,Lori Mathews,null,null
11391980-K,Justin Peterson,null,null
19307103-K,Nicholas Wheeler,null,null
13297504-K,Robin Harrison,null,null
18804410-0,Lynn Gibson,null,null
10100963-K,Jeffrey Choi,null,null
13164149-K,Dennis Leblanc,null,null
9564368-0,Andrea Rivas,null,null
5060058-K,Lisa Smith,null,null
13882651-0,Julia Anderson,null,null
8719666-K,Kylie Allen,null,null
7699979-K,James Rivera,null,null
19498140-K,Tyrone Rodriguez,null,null
5603077-0,Megan Brown,null,null
19824858-K,Michael Gonzalez,null,null
19208158-0,Cody Carter,null,null
6744612-K,Zoe Barrett,null,null
15147667-K,James Phillips,null,null
7866571-K,Kimberly Lindsey,null,null
12185610-K,Tina Brooks,null,null
9701529-0,Todd Wilson,null,null
9748568-0,Brittany Smith,null,null
9338405-0,Alyssa Garza,null,null
16573418-K,Renee Anderson,null,null
18353968-0,Brian Rivers,null,null
10567299-0,Brandon Black,null,null
15395055-K,Douglas Hamilton,null,null
10709412-K,Devin Murray,67,Male
17029264-0,Jeanette Rogers,39,Male
16051853-K,Shaun Morgan,63,Female
18788917-K,Sarah Gardner,55,Female
18007773-0,Charles Berg,43,Male
15557692-0,Michael Peterson,58,Female
14616135-K,Robert Li,32,Male
16664034-K,Mitchell Fischer,33,Male
15186908-0,John Archer,80,Male
11755983-K,Erin Johnson,40,Male
13410114-0,Crystal Walker,39,Female
19120743-0,Leonard Phillips,59,Male
11455213-K,Kevin Nguyen,72,Male
18587435-K,Angela Horton,51,Male
17461920-K,Jacqueline Bryant,76,Male
14293018-0,Nicole Gay,75,Female
15487599-0,Jessica Walker,50,Male
11125464-0,Crystal Hoffman,78,Male
13584383-0,Mrs. Jean Thomas,39,Female
10852565-K,Deanna Rice,51,Female
18369352-0,Terry Cherry,28,Female
12976883-K,Ian Rosario,44,Female
15563291-K,James Perez,68,Male
20819426-K,Adam Hall,71,Female
10394898-0,David Zamora,49,Female
11534872-0,Dennis Hahn,64,Male
19898349-0,Jeffrey Watkins,37,Male
13946446-0,Michelle Cole,46,Female
19981844-K,Joshua Nelson,65,Female
20530866-0,Heather Henry,56,Female
15748261-K,Tanya Singh,36,Female
13565121-K,Lindsey Garcia,25,Female
19738685-K,Vincent Lewis,36,Female
17799588-K,Courtney Lee,68,Male
18697634-0,Joseph Lee,70,Female
13396474-0,Michael Mendoza,26,Male
16681730-K,Melissa Lee,36,Female
11699475-0,Shannon Nelson,47,Female
16698844-0,Gary Johnson,50,Male
11090836-K,Kylie Allen,66,Female
16004271-0,Timothy Duncan,31,Female
19764786-0,Jacob Gentry,32,Male
12338739-K,Gabriella Delgado,80,Male
12564796-K,Cindy Durham,27,Female
20891729-K,Anita Vazquez,68,Female
14701250-K,Gabriel Lane,54,Female
15368875-0,Henry Miller,25,Male
13794813-K,Douglas Brown,57,Female
19429249-0,Steven Petersen,28,Male
15439065-K,Alexander Tanner,31,Female
18073615-K,Michelle Miller,27,Male
17681493-K,Kim Rodriguez,25,Female
12061683-0,Joe Williams,46,Female
14045597-0,Justin Matthews,77,Male
14227211-0,Anthony Wood,41,Female
20290669-K,Carlos Thompson,53,Male
15944585-K,Andrew Miller,75,Male
10023766-K,Kiara Roman,44,Male
18515974-K,Bryan Conley,61,Female
17449727-K,Daniel Frazier,58,Female
11225967-0,Deborah Parsons,60,Male
19952799-K,Andrew Avila,32,Male
16486259-0,Christina Ayala,34,Female
10261648-0,Holly Robinson MD,41,Male
19509856-0,Kimberly Pierce MD,67,Male
15703870-0,John Hernandez,55,Male
18888657-0,Bryan Stewart,76,Female
17216645-K,Lauren Sullivan,64,Male
10163443-0,Stephen Murray,26,Female
18137416-K,Brandon Obrien,62,Male
20992757-K,Tiffany Meyers,45,Male
15461254-0,Ariel Tran,25,Female
20524452-0,Robert Fisher,68,Female
18819523-K,Mariah Scott,26,Male
15759521-0,Jessica Middleton,55,Male
20799033-0,Patricia Rodriguez,41,Female
11791764-0,Juan Logan,45,Female
17644992-0,Douglas Price,53,Female
11240526-0,Mary Duncan,61,Female
14461586-K,Rebecca Soto,44,Female
10915393-K,Christopher Kelly,30,Female
20756614-0,Kelsey Benjamin,48,Male
19191681-0,Brittany Lopez,63,Male
14033401-0,Sara Bartlett,64,Female
10948195-K,Todd Mason,44,Male
15023994-K,Mark Walker,27,Female
20030318-K,William Lowery,52,Male
17257400-K,Fernando Hernandez,27,Male
15336542-0,Kari Wolfe,65,Female
14697276-K,Jacob Richard,39,Male
18609500-0,Diana Carey,45,Male
16359172-K,Maxwell Wilson,26,Male
18619370-0,Christina Cunningham,46,Female
10887729-K,Darren Zamora,54,Female
14681878-0,Veronica Arroyo,55,Male
10453192-0,Cassandra Contreras,50,Male
10409666-K,Catherine Williams,74,Female
14450192-0,Dalton Coffey,28,Female
11920693-K,David Sharp,59,Female
12366565-K,Carl Davis,48,Female
12154323-0,Ashley Wilson,61,Female
15560420-0,Ashley Fox,68,Male
11022596-K,Sarah Hickman,53,Male
18894141-0,Laura Reed,54,Female
13881147-K,Mitchell Peterson,41,Male
14759333-0,Nathan Powell,54,Male
19801492-K,Andrew Gallagher,53,Male
19717224-0,Robert Davis,64,Female
14852307-K,James Orozco,42,Male
13732262-0,Brian Lee,40,Male
17220749-0,Crystal Chapman,42,Female
16377919-K,Scott Randolph,27,Male
12543410-0,Robert Johnson,51,Female
15742238-K,Deborah Riggs,46,Female
18405361-0,James Baker,56,Male
11205823-0,Shaun Mendez,61,Female
12015034-K,Alexis Curry,68,Female
17641725-K,Jay Cohen,69,Female
10089326-K,Angela Peters,71,Female
10659444-0,Dominic Bryan,76,Female
12318676-0,Ashley Hunter,66,Female
14879761-K,Virginia Brooks,53,Male
15437358-0,Caitlin Harris,63,Female
19775867-K,Herbert Mullen,30,Male
15739248-0,Janice Hughes,80,Male
15136501-0,Daniel Davis,69,Female
13257238-0,Zachary Montoya,38,Female
18549656-K,Thomas Long,63,Female
15275663-0,Craig Parker,25,Female
13306250-K,Jesse Mullen,77,Female
17003542-0,Elaine Coleman,48,Female
13043596-0,Colleen Harrison,35,Male
18688690-0,Matthew Burch,36,Female
18372611-K,Thomas Rose,80,Female
17185444-0,Sandra Osborne,37,Male
12395391-K,Laurie Roy,67,Male
13700973-0,Brian Adams,60,Female
10903842-0,Monica Spears,31,Male
17146372-0,Ann Roberts,73,Male
12136653-K,Katie Smith,42,Male
12609221-0,Heather Contreras,30,Male
14739622-0,Katherine Phillips,65,Female
11975346-K,Amy Morrison,31,Male
10222006-0,Justin Burnett,37,Male
14417050-K,Kristine Shaw,35,Male
15842717-K,Joshua Christian,57,Female
10983906-K,Dr. Omar Warren MD,77,Male
11478055-0,Jessica Martinez PhD,49,Female
20362498-K,Zachary Marsh,32,Male
11421458-K,Cassie Fischer,28,Female
13937021-0,Katrina Blackwell,29,Male
17172657-K,Stephanie Cox MD,57,Female
17216834-0,Sean Davis MD,34,Male
20292300-0,Ann Matthews,75,Female
18764856-0,Allen Stanley,46,Male
18284050-0,Shannon Parks,57,Male
17613901-0,Melissa Williamson,38,Male
11618962-0,John Rodriguez,53,Female
10929688-0,Karen Fuentes,78,Female
12505681-K,Julia Marks,53,Female
19195594-K,Jesse Perez,73,Male
11602240-K,Suzanne Armstrong,29,Male
14510373-0,Dana Wells,65,Female
14888448-K,Laura Mitchell,47,Female
15530149-K,Angela Sellers,67,Male
12183183-K,Matthew Richardson,69,Female
11929189-K,Craig Sullivan,67,Male
17306692-K,Robert Owens,50,Male
14124490-K,Jason Anderson,72,Female
11067151-0,Jonathan Allen,30,Female
16729368-K,Darlene Underwood,72,Female
16615210-0,Andrea Serrano,75,Female
17875488-K,Martin Zimmerman,49,Female
10069220-0,Troy Bates,39,Female
13582188-K,Elizabeth Nguyen,65,Male
14775803-0,Latoya Booth,45,Female
15463110-0,Gregory Dickson,37,Female
14977852-K,Cathy Moore,80,Female
12433940-0,James Gilmore,65,Male
18725236-K,Alan Torres Jr.,43,Male
15787314-K,Heather Dunn,27,Male
17906172-K,Matthew Evans,39,Female
19141378-K,William Thomas,58,Male
15620894-K,Jennifer Diaz,63,Male
10992371-K,Rebecca Yates,62,Male
19538173-K,Rhonda Baker,52,Female
17465059-0,Philip Quinn,59,Male
18005111-K,Diamond Newton,42,Female
14766819-0,Charles Bryant,54,Male
10534877-K,Andrea Harris,42,Female
11320024-0,Sharon Bell,78,Female
11855791-0,Troy Wiley,44,Male
17957255-K,Sydney Terrell,70,Female
19657129-0,Anthony Salazar,39,Female
10491449-0,Mrs. Brandi Padilla,66,Female
16712435-K,Sarah House,50,Male
14072708-K,Reginald Robertson,76,Female
19105893-0,Laura Sanders,64,Male
20728056-K,Grace Fletcher,42,Female
12682128-K,Melissa Roberts,42,Male
11240960-0,Steven Ramirez,38,Female
11870422-K,Robert Richardson,75,Male
11808350-K,Jared Murray,47,Female
18214359-K,David Wilcox,56,Male
10938460-0,Brandon Robinson,38,Male
11123024-0,Lisa Zavala,34,Male
13676253-K,Shelby Morgan,74,Male
17993872-0,Brad Williams,37,Female
14957203-0,Richard Alvarado,55,Male
15062917-K,Jesse Smith,80,Male
13895119-K,John Carpenter,80,Female
18438017-K,Deborah Choi,56,Male
14500456-0,Michael Burnett,54,Male
17865731-0,Samuel Young,56,Male
17851588-K,Susan Hunt,37,Male
14866322-K,Christopher Calderon,25,Female
17893973-K,Richard Becker,50,Female
13285047-0,Kathy Knight,27,Female
20084679-K,Adrian Ashley,36,Female
12675080-K,Susan Wilson,59,Female
13805602-K,Eric Le,44,Female
13071653-K,Laura Simmons,46,Male
17907999-K,Tara Wolf,61,Male
20161058-K,Donna Holder,40,Male
11241252-0,Mark Francis,46,Female
11080845-0,Lori Morris,39,Female
20282425-K,Dr. Claire Lopez,26,Female
12747158-0,Samuel Thompson,50,Male
18046237-K,Pamela Fields,27,Male
18245848-0,Logan Johnson,41,Male
18691569-0,Samantha Perez,51,Male
19900893-K,Steven Anderson,34,Female
14287833-K,April Dunn,30,Male
19018693-K,James Simmons,72,Female
13587706-K,Cynthia Potter,72,Male
19014184-K,Kathryn Stanton,62,Male
14985994-0,Elizabeth Blanchard,47,Female
16747260-0,Justin Stewart,64,Female
14580827-K,Rhonda Martin,52,Male
14568608-0,Daniel Francis,47,Female
10948513-K,Raymond Conley,42,Female
15197412-K,Thomas Mcknight,69,Female
16036563-0,Alec Clark,57,Female
17414605-0,Ashley Henderson,69,Male
13082121-0,Bryan Doyle,65,Male
15885250-0,Erin Mills,38,Female
12885481-K,Linda Hernandez,28,Female
14320981-0,Victor Cunningham,60,Female
11023447-0,James Walters,73,Female
18034963-K,Christopher Moore,64,Male
13757089-K,Betty Allen,53,Female
12488949-K,Brian Velasquez,46,Female
19508587-0,Jasmine Gibson,73,Female
18278529-0,Jose Herrera,63,Female
13272521-0,Brittany Carter,72,Female
11379020-K,Christine Fletcher,40,Female
10955225-K,Brian Jones,44,Male
20047694-K,Natalie White,61,Male
14279660-0,Anthony Woods,73,Female
14330290-K,Blake Montgomery,80,Female
11155216-K,Amanda Torres,75,Male
15380487-K,George Randall,62,Female
12949775-K,Chad Davis,30,Male
10278137-0,Johnny Walker,45,Male
16295659-0,Cathy Herring,46,Female
17635818-K,David Turner,80,Male
14686433-0,Courtney Baker,60,Female
18835334-K,Randy Morrow,35,Female
12544272-0,Brandy White,25,Male
14075421-K,Terry Scott,45,Female
12771525-0,Brooke Mcintosh,42,Female
20752645-0,Jessica Kelly,43,Female
12182143-K,Matthew Rodriguez,56,Female
13594430-K,Steven Webb,39,Female
12229669-K,Paula Wright,30,Female
19944356-K,Tyler Shea,36,Female
11875970-K,Tiffany Murray,40,Female
14413025-K,Tonya Wilson,76,Female
18194955-K,Brian Wilson,46,Female
19345868-0,Susan Long MD,48,Male
16106889-0,Adam Elliott,69,Male
16362580-0,Brian Anderson,48,Female
12146597-K,Justin Smith,27,Female
11858183-0,Claire Burns,25,Female
20843709-K,Jennifer Valentine,77,Female
11923625-K,Mr. James Brown,76,Female
13208639-K,Jennifer Pennington,77,Female
12647712-0,Tina Williams,43,Male
15744195-K,Charlotte Paul,80,Male
19852306-K,Victoria Adams,37,Female
12190839-0,Larry Ingram,54,Male
14938401-K,Michael Noble,78,Male
18160830-K,Taylor Ramirez,42,Male
14769510-K,Lisa Duncan,31,Female
15300080-K,Kyle Fox,48,Male
12054478-K,Robert Anderson,45,Male
15337749-K,Jon Dennis,73,Female
16492512-K,Timothy Parker,28,Male
16729816-0,Stacy Morrison,44,Male
14900898-K,Christine Hill,80,Female
10700684-K,Alexa Bradshaw,74,Male
20325395-0,Gabriel Walker,29,Male
14762999-0,Julie French,43,Female
13253334-0,Aaron Leonard,30,Male
13996564-K,Sean Bennett,25,Female
18490637-0,Thomas Rivera,54,Male
14260814-0,Michael Jones,67,Female
17834704-0,Patricia Bradley,39,Male
19863193-0,Stephanie Beasley,31,Female
17545772-0,Tamara Doyle,72,Male
20012012-K,Erin King,64,Female
20107467-0,David Green,38,Male
14175647-K,Mrs. Julie Patrick DVM,77,Male
15946593-K,Adrian Miller,31,Female
16526837-0,Lorraine Hopkins,43,Male
13833588-0,Michael Simon,61,Female
15809114-0,Timothy Booth,47,Male
10303485-0,Ricky Torres,52,Male
18523082-K,Andrew Miller,53,Female
15219544-0,Brian Green,67,Female
19001010-K,Jessica Velazquez,52,Female
13408911-0,Noah Grant,32,Male
18672026-0,Thomas Reyes,65,Male
10848692-K,John White,71,Female
10854653-K,Joy Molina,61,Female
18630160-0,Carrie Rivera,37,Male
10392030-K,Jennifer Stone,43,Male
14299350-0,Patricia Wilson,34,Male
12167749-0,Diana Montoya,38,Male
10807920-0,William Rodriguez,48,Female
12154314-K,Cody Lester,25,Female
11713516-0,Katrina Nunez,37,Male
10282808-0,Mark Cardenas,68,Male
15754021-0,Stephanie Johnson,69,Male
13359480-K,Adrienne Smith,57,Male
11287954-K,Jennifer Wood,35,Female
14524551-0,Christine Reyes,68,Male
11671817-K,Jeffrey Johnson,34,Male
19225666-K,Alexis Murray DVM,44,Male
16436049-K,Elizabeth Davis,50,Female
11918230-K,Paul Johnson,27,Female
13562585-K,Timothy Stone,63,Female
14453346-0,Brianna Moon,43,Female
20471609-K,Rebecca Garcia,80,Female
18071483-0,Charlene Cruz,45,Female
13245789-K,Katherine Barton,79,Female
12616242-K,Tina Cox,72,Female
16951451-0,Jessica Clark,62,Female
10072582-K,Maria Kelley,51,Female
14620003-0,Christopher Chavez,38,Male
12209910-0,April Freeman,72,Female
10623037-0,Brandon White,71,Female
15530994-K,Sophia Moore,41,Female
17107124-0,Justin Miles,75,Female
20182214-K,Stephen Peck,47,Female
13222334-K,Larry Barnes,62,Male
20035106-0,Casey Garcia,62,Female
15238393-K,Victoria Combs,52,Male
14453105-K,Joshua Gomez,56,Female
12848586-0,Anne Hunter,40,Female
20300979-K,Katie Castro,70,Female
15688061-K,Victor Johnson,71,Male
11761598-K,Brittany Poole,72,Male
18826166-0,Cynthia Bryant,65,Female
17080717-K,Jacqueline Church,34,Male
18425527-0,David Rivera,79,Male
17049452-K,Christian Villarreal,54,Female
20263948-K,Caroline Williams,39,Female
20849220-0,Daniel Wilson,57,Male
15327679-K,Joseph Molina,29,Male
17656112-K,Joseph Larson,38,Female
19025211-0,Monica Malone,31,Male
20483508-K,April Mills,74,Male
20634816-K,Amy Bell,48,Male
18598728-K,Joshua Freeman,65,Female
10255564-0,Juan Kennedy,36,Female
12959324-K,Michelle Davis,40,Female
14210132-K,Ana Watson,48,Male
19243011-0,Lisa Glenn,27,Female
17619956-0,Christina Foster,33,Male
14523967-K,Stanley Zhang,57,Female
15731564-0,Christopher Snyder,72,Male
14372260-0,Beverly Anderson,46,Female
13670872-0,Darren Ward,46,Female
11572348-0,Phyllis Nunez,32,Female
16335891-0,Jacob Cruz,78,Female
16939615-0,Amy Oconnell,79,Female
16000088-0,Jose Garcia,79,Male
13056356-K,Alyssa Gibson,58,Male
13517709-0,Kyle Meadows,56,Male
13104305-0,Steve Davidson,33,Male
16290566-0,David Charles,58,Male
10780054-K,Jessica Cox,36,Female
19669545-K,Timothy Edwards,45,Male
16736488-0,Pamela Camacho,27,Female
12130042-0,Michael Myers,61,Female
20231249-K,Jordan Murphy,65,Female
11244391-K,Susan Mcdonald,41,Male
17003266-K,Jamie Brown,47,Female
13164718-0,Sarah Jones,37,Female
17181086-K,Johnathan Arnold,75,Male
14934475-0,Richard Soto,76,Female
14096643-0,Christopher Cook,28,Male
18199220-0,Seth Beck,72,Male
10685251-0,Alexa Powell,48,Female
14324252-K,Aaron Washington,42,Male
12762799-0,Donna Gomez,78,Male
17253276-K,Stacy Hernandez,53,Male
20977148-0,Phillip Williams,42,Male
10324025-K,Tyler Gomez,27,Male
12300704-K,Paul Trujillo,65,Female
12108782-K,Robert Williams,41,Female
19456317-K,Robert Sawyer,68,Female
15797349-K,Alicia Casey,57,Male
10643788-K,Kimberly Morales,68,Female
17023798-0,Nicole Graham,40,Female
20913571-K,Lori Reyes,59,Female
19472433-0,Clifford Christensen,78,Male
14044068-K,Madeline Meyer,52,Female
14195509-K,Dawn Ford,36,Male
10492945-0,Gordon Garrison,47,Female
13518678-K,Thomas Nelson,33,Male
16123147-0,Kenneth Adams,79,Female
15918817-0,Jessica Atkinson,36,Female
16346846-K,David Lowe,46,Female
19128122-K,Michael Bryant,70,Male
18738784-0,Mitchell Weaver,38,Male
13067137-0,Shannon Morton,37,Female
18980855-K,Kristen Green,27,Male
16511191-0,Cynthia Harris,46,Female
13543600-0,Jeffrey Bowen,41,Male
18019599-K,John Taylor,35,Male
20759590-K,Vicki Jordan,42,Male
11285357-0,Brian Reed,30,Male
19423566-0,Brenda Lee,49,Female
18080562-K,Brenda Thompson,36,Male
18003138-K,Kyle Pace,50,Female
14527812-0,Dr. Justin Figueroa,49,Female
10868682-0,Justin Sanders,44,Female
18724030-0,Joshua Ferguson,76,Male
14950759-0,Steven Zuniga,64,Male
17341048-0,Kevin Adams,35,Female
18426406-K,Monique Rodriguez,58,Female
14337324-K,Elizabeth Campbell,62,Male
11226031-K,Laurie Garcia,34,Male
10208233-K,Kaitlyn Schneider,67,Female
12810149-K,Kevin Marsh Jr.,40,Male
19717717-0,James Frank,68,Male
10886253-0,Ashley Curtis,27,Male
18816500-0,Travis Welch,56,Male
18061213-0,Robin Lee,47,Female
17856172-K,Jacob Miller,76,Female
17072098-0,Edgar Franklin,74,Male
17222105-0,Jessica Sanchez,80,Female
20444179-K,Catherine Moore,31,Male
10101579-K,John Bowers,33,Female
15469576-K,Jade Butler,56,Male
14988714-0,Suzanne Montoya,60,Female
13727156-K,James Winters,25,Female
20774514-0,Jonathan Davis,45,Female
19591644-K,Mrs. Angela Smith,30,Female
14584821-0,Crystal Pacheco,43,Female
17494697-0,Patrick Bates,25,Female
10936391-0,Maria Pearson,58,Male
13393483-0,Dawn Sosa,28,Male
19890115-0,Matthew Noble,37,Female
20825717-0,Adam Hayes,65,Female
18884678-K,Mrs. Alicia Nelson MD,56,Female
20683912-K,William Carlson,33,Female
18046167-0,Debra Vasquez,27,Male
17748310-0,Anna Carroll,69,Male
20192580-0,Dr. John Johnson,27,Male
16108207-K,Brandon Peterson,37,Female
17520448-K,Edward Holmes,50,Female
10899652-K,David Hendrix,73,Male
10465519-0,Lori Young,62,Male
12212897-0,Adam Moore,58,Female
10665355-K,Richard Walters,50,Female
18852303-0,Misty Lee,70,Female
11070277-0,Ryan Myers,25,Female
15395237-0,Laura Barnett,48,Female
13676308-0,Sara Mccarthy,61,Female
11083794-0,Samantha Jimenez,35,Female
18285581-K,Brent Cox,36,Male
13553910-0,Antonio Collins,42,Male
14180688-K,Brenda King,38,Female
13868850-0,William Wilson,51,Female
13758957-K,Patricia Gray DVM,72,Female
13183935-K,Michael Gilmore,78,Female
18424611-0,Rodney Green Jr.,38,Male
20845866-0,Rebecca Myers,33,Male
16187745-K,Joshua Martin,58,Female
18318263-0,Alexandra Casey,65,Male
10513056-K,Rebecca Massey,56,Female
17952828-0,Jasmine Valenzuela,39,Female
20444512-K,Douglas Brown,69,Female
10706510-K,Erica Nichols,58,Female
15273049-0,Matthew Zimmerman,33,Male
13434163-K,Jennifer Richmond,73,Female
14470130-0,Joy Gutierrez,34,Male
19968144-0,Annette Johnson,28,Female
17015382-K,Caitlyn Ortega,34,Male
13621705-K,Louis Santiago,65,Female
12798555-K,Nathan Paul,28,Female
16715947-0,Tammy Chavez,42,Female
17603841-0,Joseph Bolton,63,Male
14360191-K,David Morgan,71,Male
15548132-0,James Rodriguez Jr.,67,Female
15201077-K,Andrew Callahan,37,Male
16822988-K,Jason Brown,31,Male
12916807-0,James Watson,58,Male
15221616-K,Andrea Garcia,48,Female
13637233-0,Anthony Sullivan,49,Male
20417886-K,Sherry Gonzales,54,Female
11673014-0,Kimberly Stewart,78,Male
11604177-0,Lisa Ortiz,56,Female
12999026-0,Connie Alvarez,65,Female
20816828-K,John Saunders,72,Female
19117805-0,Jennifer Levy,66,Male
17962497-K,Kimberly Hall MD,76,Male
17208739-0,Chelsea Castaneda,60,Female
17881618-0,Courtney Brewer,47,Female
17816368-0,Jonathan Roy,40,Male
17430773-0,Allen Velez,39,Male
14928135-0,Sandra Flores,59,Female
17277217-K,Katherine Ramos,78,Male
12942988-0,Ashley Jones,51,Female
12963555-K,Terri Mata,52,Female
10876386-0,Terry Dennis,45,Male
12776579-K,Pamela Taylor,48,Male
19149717-0,Christopher Lara,66,Male
16783842-K,Tracy Cox,27,Male
19608156-0,Richard Morrison,36,Female
19602887-0,Thomas Garcia,58,Male
19060824-K,David Miller,61,Male
12925474-K,Jacob Hernandez,76,Female
14356269-0,Jared Wright,68,Male
19072114-K,Bryan Smith,64,Male
13709306-K,Theresa Flores,36,Male
13264501-K,Timothy Harris,49,Female
11858942-K,Jennifer Walters,46,Female
16275340-0,Jamie Butler,41,Male
15952688-0,Joshua Miller,47,Male
20938890-K,Yolanda Moore,73,Male
14932133-0,Carlos Berg MD,59,Female
20800933-0,Susan Thompson,78,Female
17025959-K,Carl Pruitt,33,Male
18601007-0,Matthew Harris,68,Male
19467125-0,Heidi Hawkins,55,Male
13366662-0,Tammy Love,44,Female
12247929-0,Dean Bruce,51,Female
16040561-K,Elizabeth Scott,41,Male
18095687-K,Jennifer Dickson,66,Male
18857125-K,Jessica Lopez,58,Female
20015626-K,Sarah Reynolds,41,Female
19229182-K,Zachary Smith,42,Female
11083005-K,Jeffrey Rivera,68,Female
20024243-K,Daniel Chavez,74,Female
16700403-0,Kelly Butler,52,Female
16117141-K,Willie Long,72,Female
12124659-K,April Gregory,33,Female
18833116-K,Brandon Olsen,36,Female
16169249-0,Maria Whitney,66,Male
14312329-K,Rhonda Stevenson,30,Male
16453073-K,Susan Edwards,30,Male
20684556-K,Jeffrey Dawson,50,Female
18267688-K,Carol Baker DDS,35,Female
13500649-K,Crystal Johnson,77,Female
11757014-0,Alexander Evans,31,Female
14696801-0,Cassandra Boyd,59,Female
12926056-0,Mr. Brian Owens MD,45,Male
19200396-0,Karen Doyle DDS,78,Female
16432191-0,Brian Smith,79,Male
16808647-0,Karen Kramer DVM,40,Male
16586565-K,Natalie Meadows,55,Male
17935419-0,Zachary Johnson,33,Female
16622150-0,Jason Dickerson,53,Female
17519124-K,Martha Johnson,78,Male
16001733-0,Henry Smith,50,Female
12661632-0,Emma Reyes,55,Male
15222215-0,Kurt Shaffer,29,Female
20189351-K,Dakota Wilson,28,Male
17957443-K,Daniel Smith,36,Male
10162952-K,Justin Chen,56,Female
17666809-K,Daniel Hayes,64,Male
13869896-K,Caitlin Martin,47,Female
12736069-0,Alexandra Weaver,30,Female
10438978-K,Stephanie Boone,62,Female
14446118-0,Amy Silva,25,Male
13742896-K,Kathryn Watson MD,53,Male
16715274-0,Mr. Jeffery Francis,39,Male
14725451-K,Nicholas Horton,50,Male
15483856-K,Dr. Ryan Hopkins,47,Female
12518015-K,Elizabeth Mccormick,61,Male
10844937-0,Kimberly Lee,29,Male
18046795-K,Laura Bryan,36,Female
12409262-K,James Johnson,38,Female
11133042-K,Cheryl Allen,55,Female
19749446-0,Jessica Smith,70,Male
14113202-K,Lisa Hoffman,70,Male
15815325-0,Nicole Combs,76,Male
18716510-K,Nathan Baker,47,Male
16507936-0,Terri Patterson,39,Female
20790239-0,Lisa Gardner,68,Female
14951290-K,Hannah Bennett,39,Female
15818376-K,Diane Koch,76,Male
12850283-K,Patrick Solomon,59,Female
10216650-0,Brian Parrish,52,Male
11167770-0,Jacob York,48,Male
20630706-K,Christine Garcia,69,Female
10599280-K,Thomas Harrell,41,Female
17664526-K,Jennifer Cordova,61,Female
17832095-0,Debra King,80,Female
13021920-K,Stephen Pearson,29,Male
19579433-K,Corey Neal Jr.,65,Female
11483262-0,Chris Garcia,38,Male
19833397-K,Eric Garcia,39,Male
17738247-K,George Walker,39,Female
18534367-0,Angel Bradley,40,Male
19858684-0,Dean Reed,52,Female
15497036-K,Cynthia Mcdonald,76,Male
14008311-0,Shelley Clark,72,Male
19119538-K,Melissa Wang,70,Female
10039790-0,Ryan Cox,32,Male
17927917-0,Steven Logan,39,Male
10615428-0,Brianna Foster,76,Female
11251042-K,Mary Winters,52,Male
11251836-0,Matthew Jimenez,35,Female
13311454-K,Jonathan Norman,45,Female
20668981-K,Alicia Roy,50,Female
14712930-K,Logan Mason,47,Female
17924534-0,Samantha Andrews,59,Female
14328861-K,Martha Griffin,50,Male
11679685-K,Vernon Gray,78,Female
11587998-0,Andrew Barnes,26,Female
19569035-K,Heather Bailey,59,Male
13363803-0,Amanda Tran,38,Female
19176905-0,Jamie Fletcher,60,Male
16386573-K,Christopher Campbell,77,Male
19600846-K,Brandon Porter,52,Female
11659189-0,Lisa Allen,27,Male
20681009-K,Renee Dominguez,51,Male
14096778-0,Michael Campbell,47,Female
16597413-K,Lisa Jones,80,Male
11256308-K,Randy Turner,47,Female
20703632-0,Jose Lee,26,Male
10470611-K,Christopher Jennings,65,Female
15880550-0,Jimmy Smith,69,Female
20247823-K,Nancy Davis,46,Male
12216457-K,Elizabeth Johnson,44,Female
12570303-0,Tiffany Johnson,54,Male
19273668-0,Thomas Russell,31,Male
13742969-0,Miguel Lloyd,53,Female
14890684-0,Noah Cardenas,39,Female
20214354-0,Rachael Stark,62,Female
19468154-0,Chad Harris,43,Male
20414913-0,Julie Little,35,Female
13022707-K,Tracy Morrison,30,Female
17440525-K,Devin Mcdaniel,57,Male
15623176-K,Joel Miller,50,Female
19426810-0,Taylor Johnson,77,Female
12837445-0,Eric Thomas,53,Female
16474184-0,Mrs. Nicole Turner,69,Female
10590258-K,Catherine Walters,28,Male
15909003-0,Alicia Griffith,39,Female
20999907-0,Kimberly Lindsey,62,Female
19853248-K,Joseph Mcintyre,43,Male
12261963-0,Mark Herrera,49,Female
15557175-K,Stephen Bowen,50,Male
11217734-0,Crystal Myers,57,Male
15059048-K,David Hernandez,77,Female
20668174-K,Thomas May,74,Female
14612723-0,Brian Anderson,30,Male
14607032-0,Kristen Green,38,Female
10213096-K,William Pratt,48,Male
14962795-0,Jason Brown,28,Male
18418059-K,Robert Mendoza,51,Male
11559438-0,Kathy Knight,40,Female
14659406-0,Cathy Moore,46,Female
19480287-K,Heather Smith,46,Female
18844362-0,Christie Farmer,37,Female
20038074-K,Monica Spears,42,Male
20281794-0,Brian Reed,47,Female
16100452-K,Timothy Duncan,60,Female
13054205-0,Deborah Mayer,51,Female
18448563-0,April Gregory,80,Female
10079571-K,Laura Reid,48,Male
18021233-K,Gary Johnson,69,Male
11980916-0,Mary Duncan,79,Female
10154960-0,Mr. Timothy Harding,45,Female
11109406-K,Clifford Christensen,35,Female
20318433-K,Jillian Perry,76,Female
17213693-0,Casey Garcia,60,Female
15341042-0,Crystal Pacheco,67,Female
17135716-K,Erin Snyder,28,Male
16628766-0,Holly Goodwin,36,Male
13033767-0,Ana Watson,70,Female
20363027-K,Jose Miller,37,Male
20706645-0,Lori Ford,72,Female
13369316-0,Garrett Diaz,75,Female
19192150-0,Mary Winters,56,Female
12551974-0,Vincent Tapia,77,Female
13381157-K,Mrs. Nicole Turner,29,Male
10564563-K,Janice Hughes,68,Female
11290427-0,Eric Nolan,48,Male
12096409-K,Laurie Garcia,73,Male
16013570-0,Susan Hunt,76,Male
20577102-K,Carlos Thompson,29,Male
15760796-K,Eric Nelson,76,Male
10163359-K,Patrick Ramirez,63,Male
20228778-K,Tara Wolf,48,Female
20198682-K,Steven Sanchez,40,Female
11306775-K,Jason Anderson,28,Male
11804553-K,Zachary Johnson,71,Female
17262440-K,Eric Thomas,60,Male
20164929-K,Stacy Morrison,37,Male
20521906-K,William Rodriguez,47,Female
15770065-0,Rebecca Martinez DVM,58,Male
14166453-K,James Orozco,27,Female
16658714-0,Annette Johnson,67,Male
10981173-0,Edward Holmes,47,Female
15880866-0,Amanda Vargas,51,Male
18766285-0,Roberto Evans,34,Female
11508631-0,Zachary Marsh,26,Female
17071087-K,Elizabeth Campbell,39,Male
18060573-K,Andrea Martinez,43,Male
11649233-0,Andrew Wilson,80,Female
15281867-0,Joseph Mcintyre,48,Female
14298593-0,Kim Rodriguez,32,Male
18136520-0,Joseph Larson,40,Male
16934787-K,Paul Trujillo,73,Female
19763072-0,Jeffrey Johnson,80,Female
18519778-K,Hannah Bennett,65,Female
10879248-0,Ricky Torres,77,Male
19021200-K,Grace Martin,80,Male
13654387-0,Heidi Hawkins,32,Male
16957115-K,Michelle Cole,76,Female
18501557-K,Charlene Cruz,46,Male
13947061-K,Sydney Terrell,58,Female
11363826-K,Victor Johnson,49,Female
10362748-K,Paula Wright,79,Female
14256792-K,Chris Jones,37,Female
20313380-0,Andrea Harris,73,Male
16883080-K,Lisa Allen,48,Male
17969074-0,Jason Wallace DDS,61,Male
20217178-0,Renee Dominguez,79,Female
15456101-K,Anthony Woods,64,Female
14985078-K,Sharon Bell,72,Female
11373951-0,Miguel Lloyd,53,Female
16270057-K,Vincent Lewis,79,Female
12060295-0,Lisa Ortiz,36,Female
11753467-0,Michelle Thompson,56,Female
18993166-K,Christopher Calderon,33,Male
20354786-K,Steven Jackson,70,Female
13151469-K,Margaret Simon,47,Female
19518176-K,Ariel Tran,46,Female
14285074-K,Elizabeth Scott,80,Female
14198394-K,Tracy Cox,32,Male
19542745-K,Stanley Zhang,57,Male
19694295-K,Alan Torres Jr.,63,Male
14820371-0,Diana Carroll,41,Female
17345988-K,Brian Mata,79,Female
17616693-K,Joshua Le,36,Female
12286273-0,James Davis,79,Female
11133889-0,Alexander Evans,50,Male
13346144-0,David Zamora,80,Female
11330432-K,Susan Edwards,79,Female
13135342-K,Brian Adams,65,Male
17473888-K,Dana Wells,36,Male
18268584-0,Brianna Baker,38,Male
10254253-0,Seth Beck,55,Male
17197875-0,Anita Vazquez,31,Female
18054836-K,Rebecca Myers,64,Male
11997350-0,Katie Castro,74,Male
15420987-K,Jonathan Villa,54,Female
14765506-K,Jessica Torres,78,Female
11358881-0,Jared Wright,53,Male
20685286-0,Scott Clayton,63,Female
20035868-0,Rebecca Stephens,53,Male
16522349-0,James Frank,71,Female
12632252-K,Larry Holmes,79,Male
17200093-0,Dennis Mayer,25,Male
10319554-0,Jeffrey Rivera,30,Male
12793454-0,Michael Thomas,43,Male
14008794-K,Tiffany Johnson,76,Female
14626410-K,Brandon Wilkinson,62,Male
20499467-0,Melissa Gonzales,33,Female
13723653-K,Jared Murray,68,Male
12850376-0,Jennifer Richmond,68,Male
19790690-0,Caroline Williams,72,Female
17969851-0,Cheryl Allen,46,Male
17971332-0,Christopher Campbell,47,Female
17651011-K,Jessica Lopez,73,Female
16614956-K,Betty Allen,37,Female
12463588-0,Mrs. Kelly Ray,72,Male
16191310-K,Juan Kennedy,25,Female
11548935-0,Ashley Henderson,64,Male
19080740-K,Shawn Cobb,54,Female
12865199-K,Joshua Martin,30,Female
13820416-K,Aaron Williams,46,Female
15526099-0,Andrew Avila,49,Male
16112400-K,Timothy Parker,69,Female
16044470-0,Dr. Ryan Hopkins,53,Female
13561850-0,Antonio Camacho,70,Female
14015534-K,Louis Santiago,74,Male
10395855-0,Mr. James Brown,77,Female
12036575-K,Katherine Ramos,54,Male
17162938-0,Brittany Lopez,52,Male
13181605-K,Terry Peck,25,Female
20696179-0,Jose Garcia,60,Female
19514102-0,Dominic Bryan,26,Male
15100096-0,Melissa Williamson,47,Female
16227539-0,Mariah Scott,49,Male
19879161-0,Lisa Hoffman,48,Male
17372407-K,James Larson,29,Female
13453664-K,William Holland,47,Male
15610748-0,Darlene Underwood,58,Male
18586378-0,Jeffrey Watkins,77,Female
14510410-K,Dean Reed,33,Male
15902142-K,Amber Bowen,52,Male
14158474-0,Christopher Murray,56,Female
12301239-K,Jennifer Pennington,73,Male
15128500-K,Brett Jenkins,36,Male
13872635-0,Heather Henry,54,Male
17351682-0,Kristen Anderson,61,Female
12709086-0,Chad Harris,37,Male
10342365-0,Gerald Norton,80,Male
15890488-K,Christina Ayala,69,Female
20281439-0,Nathan Jones,57,Female
15229629-K,David Rivera,47,Male
16570009-0,Cynthia Harris,70,Female
18801280-K,Eric Barrett,69,Female
12960827-K,Anthony Sullivan,74,Male
12807291-K,Lori Miller,66,Male
13220056-K,Richard Becker,70,Female
19362754-0,Allen Velez,25,Male
15959052-0,Katrina Nunez,76,Female
20040410-0,Kathryn Watson MD,40,Female
17708566-K,Elizabeth Nguyen,52,Female
14254433-0,Christina Cochran,50,Female
16088288-0,Deborah Riggs,65,Female
14032021-0,Steve Walker,75,Female
20373026-0,Leonard Phillips,52,Male
14853771-0,John Todd,78,Female
11171321-K,Lisa Gardner,48,Male
20903290-0,Stephen Murray,30,Male
16291513-K,Jamie Butler,36,Male
17109451-K,Alec Clark,66,Male
19454980-0,Jessica Franklin,29,Male
15324683-0,Dakota Wilson,79,Male
19423942-K,Sara Mccarthy,77,Male
11209457-K,Pamela Taylor,32,Male
11864484-K,John Bowers,40,Male
13746733-K,Amy Morrison,45,Male
16743177-K,Henry Smith,65,Female
11910446-0,Jessica Lang,78,Male
11867104-0,Debra King,47,Female
18535765-0,Benjamin Bryant,37,Female
13057501-0,Mr. Robert Gonzalez,28,Male
16206419-0,Jacob Cruz,70,Male
13207122-0,David Hendrix,28,Male
20803657-0,Angel Bradley,69,Male
13467840-0,Denise Peck,35,Female
14573334-0,Paul Johnson,67,Male
17733081-K,Shelley Clark,46,Female
20352004-K,Danielle Navarro,42,Male
17457739-0,Maureen Sosa,44,Male
20154833-0,Cindy Durham,62,Female
12524774-0,Rebecca Yates,53,Male
20179762-K,Larry Barnes,36,Male
19939731-0,Steven Webb,60,Female
20442292-0,Brittany White,65,Male
11889702-K,Nicole Wilson,73,Male
20905278-0,Chelsey Johnson,27,Female
14487791-0,Gabriel Walker,74,Female
17941377-K,Mark Walker,49,Male
14553362-K,James Simmons,78,Female
17177004-0,Justin Matthews,38,Male
20899647-0,Dawn Sosa,31,Male
17533538-K,Shawn Taylor,57,Male
12807580-K,Dawn Ford,32,Male
10138784-K,Mr. Juan Reynolds,30,Male
12024894-0,Caitlin Jenkins,48,Male
11032767-0,Brenda Lee,61,Male
12201015-K,Anthony Anderson,47,Male
15665817-0,Joanna Rollins,36,Female
13139642-0,Stephen Peck,56,Female
20979135-0,Brian Smith,62,Female
12994574-K,Jessica Martinez PhD,64,Male
17926121-K,James Johnson,37,Male
10820147-0,Amy Serrano,56,Male
12136622-K,David Lowe,77,Male
20827138-0,Jordan Murphy,59,Male
14929616-K,Justin Ingram,53,Female
14788550-K,Matthew Noble,32,Female
11679145-K,Brittany Poole,76,Female
10499155-K,Courtney Lee,35,Female
14102370-0,Jeremy Lawrence,27,Male
16643290-0,Sarah Reynolds,70,Female
14560939-K,Jesse Perez,33,Male
19678452-K,Patricia Evans,46,Female
20531862-0,Christy Chavez,63,Male
18651397-K,Brandy White,76,Female
14427979-K,Kyle Fox,52,Female
19373893-0,William Thomas,77,Male
20033378-0,Phyllis Nunez,36,Female
16228538-K,Hunter Allen,61,Female
16530549-K,Jamie Hammond,26,Male
16959436-0,Michael Gilmore,43,Female
18681450-0,Laura Barnett,37,Male
10689575-0,Dr. Justin Figueroa,66,Female
14374728-0,Brian Jones,56,Male
16208374-K,Daniel Davis,34,Female
14392998-0,Dennis Hahn,25,Female
16796901-K,Janet Michael,32,Male
19313312-0,Christine Reyes,55,Female
10243688-K,Catherine Moore,59,Male
10403629-0,Troy Powell,29,Female
17879140-K,Katrina Blackwell,37,Female
12635205-K,Catherine Walters,44,Female
11364163-0,David Gibson,37,Male
19720281-K,Samantha Jimenez,45,Female
20348285-K,James Watson,29,Female
20549922-K,James Chang,25,Male
19999891-K,Brad Williams,47,Female
13969208-K,Jeanette Rogers,52,Female
13494505-K,Monique Rodriguez,35,Male
17713670-K,Melinda Green,45,Female
11325109-K,Douglas Price,25,Male
10073062-K,Claire Burns,33,Male
15594603-K,Aaron Washington,39,Female
10902820-0,Mr. Brian Owens MD,77,Female
18334174-K,Mr. Victor Pratt,61,Male
14285737-K,Monica Cohen,32,Male
12597687-0,Jared Perkins,75,Male
13607290-K,Adam Hall,28,Male
11615785-K,Dalton Coffey,30,Male
14608424-0,Christina Bowen,27,Male
13494363-K,Patrick Solomon,33,Female
12900726-K,Corey Neal Jr.,42,Female
11274653-K,Mary Aguilar,56,Male
16479212-K,Jacqueline Bryant,44,Female
10714501-K,Kyle Estes,35,Female
19699999-0,Justin Smith,30,Female
11644111-K,Brianna Foster,40,Male
13846061-0,Lisa Zavala,51,Female
14569452-0,Johnny Walker,30,Female
13500123-K,Michael Simon,25,Female
12583449-0,Justin Baker,57,Female
11332168-K,Philip Quinn,71,Female
16373052-0,Bryan Conley,77,Female
10664315-0,Timothy Edwards,71,Female
14998337-K,Crystal Walker,69,Male
20451927-0,Alexis Curry,39,Male
10143356-0,Kelly Butler,75,Male
13802924-K,Rebecca Massey,71,Female
18078864-K,Justin Stewart,53,Male
18377189-K,Crystal Chapman,56,Female
15808186-0,Katherine Phillips,31,Female
19944723-0,Kari Wolfe,67,Female
19595696-0,Maria Smith,76,Male
16983387-K,Shaun Mendez,63,Male
17383089-K,Zachary Montoya,49,Male
14806678-0,Linda Hurley,29,Female
20387856-0,Steven Zuniga,45,Male
12631350-0,Elizabeth Bolton,36,Male
11301488-K,Veronica Evans,77,Female
13902261-0,Ashley Fox,51,Female
14951441-0,Mr. David Ross,57,Male
15705738-0,Elizabeth Simmons,43,Female
14308679-0,Vicki Jordan,54,Female
18836481-K,Justin Burnett,36,Female
20760241-0,William Goodman PhD,36,Female
14260713-K,Patricia Wilson,37,Female
15798285-K,Taylor Payne,74,Female
12184364-0,Chris Garcia,61,Female
19070397-K,Randy Morrow,77,Male
16731725-0,Antonio Collins,55,Male
13845243-0,Erin King,68,Male
14256305-0,Amy Oconnell,64,Male
17007775-K,Thomas Garcia,33,Female
18443095-K,Jacqueline Church,76,Male
20899580-0,Logan Mason,67,Female
16283802-K,Jamie Brown,57,Female
13584718-K,Scott Cohen,37,Female
15319449-0,Denise Patterson,50,Male
14975902-K,Johnathan Arnold,39,Female
17457811-K,Wayne Jones,29,Male
13935783-0,Patricia Gray DVM,74,Male
18317547-K,Mitchell Fischer,75,Female
17392496-0,Michael Rodriguez,32,Female
16756931-K,Logan Johnson,49,Female
15451202-K,Laurie Miller,69,Female
11458597-K,Robert Li,67,Female
18712138-K,Ann Matthews,45,Female
14539446-K,Natalie Carpenter,50,Male
11227742-K,Pamela Fields,66,Male
17904957-0,Rhonda Simpson,74,Female
17143647-K,Tiffany Meyers,41,Male
19949550-K,Mark Francis,74,Male
18672554-0,Jimmy Smith,67,Female
12132356-0,David Charles,36,Female
11216392-0,Todd Mason,29,Male
15784508-0,Kristina Martinez,33,Female
18109395-0,Mrs. Angela Smith,25,Female
14018742-0,Joshua Freeman,71,Female
19818095-0,Brandy Figueroa,51,Female
